/*
Navicat MySQL Data Transfer

Source Server         : localhost_3306
Source Server Version : 50505
Source Host           : 127.0.0.1:3306
Source Database       : so

Target Server Type    : MYSQL
Target Server Version : 50505
File Encoding         : 65001

Date: 2018-05-15 08:22:55
*/

SET FOREIGN_KEY_CHECKS=0;

-- ----------------------------
-- Table structure for active_user
-- ----------------------------
DROP TABLE IF EXISTS `active_user`;
CREATE TABLE `active_user` (
  `id_user` varchar(255) DEFAULT NULL
) ENGINE=InnoDB DEFAULT CHARSET=latin1;

-- ----------------------------
-- Records of active_user
-- ----------------------------

-- ----------------------------
-- Table structure for catatan_obat
-- ----------------------------
DROP TABLE IF EXISTS `catatan_obat`;
CREATE TABLE `catatan_obat` (
  `id_catatan` int(255) NOT NULL AUTO_INCREMENT,
  `id_obat` int(11) DEFAULT NULL,
  `catatan` longtext,
  PRIMARY KEY (`id_catatan`),
  KEY `id_obat_catatan` (`id_obat`),
  CONSTRAINT `id_obat_catatan` FOREIGN KEY (`id_obat`) REFERENCES `master_obat` (`id_obat`) ON DELETE CASCADE ON UPDATE CASCADE
) ENGINE=InnoDB AUTO_INCREMENT=28 DEFAULT CHARSET=latin1;

-- ----------------------------
-- Records of catatan_obat
-- ----------------------------
INSERT INTO `catatan_obat` VALUES ('4', '11', '<ul><li>Flurazepam termasuk&nbsp;Benzodiazepin yang&nbsp;digunakan sebagai hipnotik yang memiliki masa kerja panjang serta dapat memberikan efek residual di hari berikutnya, dosis berulang cenderung bersifat kumulatif.</li><li>Benzodiazepin adalah ansiolitik dan hipnotik yang paling umum digunakan; obat ini bekerja pada reseptor benzodiazepin yang berhubungan dengan reseptor asam gammaaminobutirat (GABA).&nbsp;<br></li><li>Obat terdahulu seperti&nbsp;meprobamat&nbsp;dan&nbsp;barbiturat&nbsp;tidak direkomendasikan lagi, karena lebih banyak menimbulkan efek samping dan interaksi obat dibandingkan dengan benzodiazepin dan lebih berbahaya jika terjadi dosis berlebih.<br></li><li>Efek Paradoksikal&nbsp;meningkat pada keadaan terancam/ ada ancaman dan sifat agresi dilaporkan terjadi pada pasien yang mengkonsumsi benzodiazepin. efeknya bervariasi mulai dari meracau dan rasa gembira sampai sifat agresif dan melakukan tindakan anti sosial. Penyesuaian dosis (meningkat ataupun menurun) biasanya melemahkan impuls. Peningkatan ansietas dan gangguan persepsi merupakan efek paradoksikal lainnya. Meningkatnya rasa bermusuhan dan agresi setelah mengkonsumsi barbiturat dan alkohol biasanya mengindikasikan adanya intoksikasi.<br></li><li>Penggunaan hipnotik sebaiknya dihindari pada lansia karena memiliki risiko terjadinya ataksia, bingung, mudah jatuh, dan melukai diri sendiri.</li><li>Hipnotik tidak boleh diresepkan secara sembarangan dan peresepan rutin juga tidak dianjurkan.<br></li><li>Obat ini hanya boleh diberikan untuk pengobatan jangka pendek pada stres akut.<br></li><li>Hipnotik dan ansiolitik dapat mempengaruhi kemampuan pengambilan keputusan dan memperlambat reaksi, sehingga berefek pada kemampuan mengemudi dan mengoperasikan mesin. Obat ini meningkatkan efek alkohol. Lebih lanjut, efek&nbsp;hangover&nbsp;pada dosis malam dapat mempengaruhi kemampuan mengemudi pada hari berikutnya.<br></li><li>Toleransi terhadap efek meningkat dalam 3 hingga hari ke 14 pada penggunaan yang berkelanjutan, serta manfaat penggunaan jangka panjang belum dapat dipastikan. Kekurangan penggunaan jangka panjang adalah pada penghentian obat; menimbulkan insomnia dan memperburuk sindroma gejala putus obat.<br></li><li>Suatu hipnotik dapat memberikan manfaat tetapi tidak boleh digunakan selama lebih dari 3 minggu (sebaiknya hanya diberikan selama 1 minggu).<br></li><li>Hipnotik dapat bermanfaat pada beberapa pasien yang cemas sewaktu akan menghadapi perawatan gigi,&nbsp;digunakan pada waktu 1–3 malam sebelumnya.<b><br></b></li><li>Hipnotik tidak mengurangi rasa sakit dan jika rasa nyeri menganggu tidur, maka analgesik dapat diberikan<br></li><li>Peresepan hipnotik pada anak tidak dibenarkan kecuali untuk penggunaan sesekali seperti untuk mengatasi rasa takut pada malam hari dan somnabulisme (berjalan dalam tidur).<br></li><li>Pada penggunaan jangka panjang ada risiko habituasi (pemberian obat dapat menjadi kebiasaan) padahal untuk menenangkan anak pada malam hari, sebaiknya dilakukan pengobatan secara psikologis.</li><li>Penghentian penggunaan benzodiazepin sebaiknya secara bertahap karena penghentian yang tiba-tiba dapat mengakibatkan kebingungan, gangguan psikosis, kejang atau kondisi mirip&nbsp;delirium tremens. Penghentian barbiturat yang tiba-tiba (bab 4.1.3) bahkan dapat mengakibatkan efek yang lebih serius. Sindroma gejala putus obat dapat timbul kapan saja hingga 3 minggu setelah penghentian benzodiazepin jangka panjang; dan dapat timbul dalam waktu beberapa jam pada penggunaan benzodiazepin jangka pendek. Hal ini ditunjukkan dengan terjadinya insomnia, ansietas, hilangnya nafsu makan dan turunnya berat badan, tremor, berkeringat, tinnitus, dan gangguan persepsi. Gejala-gejala ini mungkin sama dengan gejala umum penyakitnya sehingga penggunaan obat tetap dilanjutkan, beberapa gejala dapat berlanjut selama beberapa minggu atau beberapa bulan setelah penghentian benzodiazepin.<br></li><li>Benzodiazepin diindikasikan untuk terapi jangka pendek ansietas berat (hanya digunakan selama 2 atau 4 minggu), kondisi stres yang sangat mengganggu, kondisi ansietas saja atau yang terkait insomnia atau psikosomatik jangka pendek, penyakit psikotik atau penyakit yang dialami organ tubuh.<br></li><li>Benzodiazepin tidak cocok untuk terapi jangka pendek ansietas ringan</li><li>Benzodiazepin hanya digunakan untuk terapi insomnia berat, atau kondisi stres yang sangat mengganggu.</li></ul><b>Indikasi:&nbsp;</b><ul><li>insomnia (penggunaan jangka pendek).</li><li>hipnotik</li></ul><br> <b>Peringatan:&nbsp;</b><ul><li>hamil, menyusui, penyakit pernapasan, kelemahan otot, riwayat penyalahgunaan obat atau alkohol, kelainan kepribadian yang jelas, gangguan faal hati dan ginjal, kurangi dosis pada lansia dan debil. Gangguan kemampuan mengemudi dan menjalankan mesin.</li></ul><b>Kontraindikasi:&nbsp;</b><br><br> <ul><li>depresi pernapasan, miastenia gravis, kondisi fobi atau obsesi, psikosis kronik, gangguan hati berat.</li></ul><br><br> <b>Efek Samping:&nbsp;</b><br> <ul><li>ataksia dan bingung terutama pada pasien lansia, vertigo, amnesia, ketergantungan.</li></ul><br><br> <b>Dosis:&nbsp;</b><br><br><br> <ul><li>15-30 mg menjelang tidur malam hari;</li><li>Lansia (atau debilitated patients) 15 mg;</li><li>Anak, tidak dianjurkan.</li></ul><b>List Nama Dagang</b><br><ul><li><b>Dalmadorm</b></li><ol><li>Produsen:&nbsp;<a rel=\"nofollow\" target=\"_blank\">Combiphar</a></li><li>Pendaftar:&nbsp;<a rel=\"nofollow\" target=\"_blank\">Combiphar</a></li><li>Bentuk Sediaan:&nbsp;<a rel=\"nofollow\" target=\"_blank\">Kapsul</a></li><li>Kekuatan: 15 mg</li><li>Golongan Obat:&nbsp;<a rel=\"nofollow\" target=\"_blank\">K<br><br></a></li></ol></ul><b>Informasi lebih lanjut</b><br><ul><li><a rel=\"nofollow\" target=\"_blank\" href=\"http://pionas.pom.go.id/monografi/flurazepam\">http://pionas.pom.go.id/monografi/flurazepam</a></li><li><a rel=\"nofollow\" target=\"_blank\" href=\"http://pionas.pom.go.id/ioni/bab-4-sistem-saraf-pusat/41-hipnosis-dan-ansietas/411-hipnosis/benzodiazepin\">http://pionas.pom.go.id/ioni/bab-4-sistem-saraf-pusat/41-hipnosis-dan-ansietas/411-hipnosis/benzodia...</a></li><li><a rel=\"nofollow\" target=\"_blank\" href=\"http://pionas.pom.go.id/ioni/bab-4-sistem-saraf-pusat/41-hipnosis-dan-ansietas/411-hipnosis\">http://pionas.pom.go.id/ioni/bab-4-sistem-saraf-pusat/41-hipnosis-dan-ansietas/411-hipnosis</a></li><li><a rel=\"nofollow\" target=\"_blank\" href=\"http://pionas.pom.go.id/ioni/bab-4-sistem-saraf-pusat/41-hipnosis-dan-ansietas\">http://pionas.pom.go.id/ioni/bab-4-sistem-saraf-pusat/41-hipnosis-dan-ansietas</a></li></ul><br><br>');
INSERT INTO `catatan_obat` VALUES ('5', '12', '<ul><li>Nitrazepam termasuk&nbsp;benzodiazepin yang&nbsp;digunakan sebagai hipnotik yang memiliki masa kerja panjang serta dapat memberikan efek residual di hari berikutnya, dosis berulang cenderung bersifat kumulatif.<br></li><li>Benzodiazepin adalah ansiolitik dan hipnotik yang paling umum digunakan; obat ini bekerja pada reseptor benzodiazepin yang berhubungan dengan reseptor asam gammaaminobutirat (GABA).&nbsp;</li><li>Obat terdahulu seperti&nbsp;meprobamat&nbsp;dan&nbsp;barbiturat&nbsp;tidak direkomendasikan lagi, karena lebih banyak menimbulkan efek samping dan interaksi obat dibandingkan dengan benzodiazepin dan lebih berbahaya jika terjadi dosis berlebih.<br></li><li>Efek Paradoksikal&nbsp;meningkat pada keadaan terancam/ ada ancaman dan sifat agresi dilaporkan terjadi pada pasien yang mengkonsumsi benzodiazepin. efeknya bervariasi mulai dari meracau dan rasa gembira sampai sifat agresif dan melakukan tindakan anti sosial. Penyesuaian dosis (meningkat ataupun menurun) biasanya melemahkan impuls. Peningkatan ansietas dan gangguan persepsi merupakan efek paradoksikal lainnya. Meningkatnya rasa bermusuhan dan agresi setelah mengkonsumsi barbiturat dan alkohol biasanya mengindikasikan adanya intoksikasi.<br></li><li>Penggunaan hipnotik sebaiknya dihindari pada lansia karena memiliki risiko terjadinya ataksia, bingung, mudah jatuh, dan melukai diri sendiri.</li><li>Hipnotik tidak boleh diresepkan secara sembarangan dan peresepan rutin juga tidak dianjurkan.<br></li><li>Obat ini hanya boleh diberikan untuk pengobatan jangka pendek pada stres akut.<br></li><li>Hipnotik dan ansiolitik dapat mempengaruhi kemampuan pengambilan keputusan dan memperlambat reaksi, sehingga berefek pada kemampuan mengemudi dan mengoperasikan mesin. Obat ini meningkatkan efek alkohol. Lebih lanjut, efek&nbsp;hangover&nbsp;pada dosis malam dapat mempengaruhi kemampuan mengemudi pada hari berikutnya. Lihat juga pada Obat dan Mengemudi pada Pedoman Umum.<br></li><li>Toleransi terhadap efek meningkat dalam 3 hingga hari ke 14 pada penggunaan yang berkelanjutan, serta manfaat penggunaan jangka panjang belum dapat dipastikan. Kekurangan penggunaan jangka panjang adalah pada penghentian obat; menimbulkan insomnia dan memperburuk sindroma gejala putus obat.<br></li><li>Suatu hipnotik dapat memberikan manfaat tetapi tidak boleh digunakan selama lebih dari 3 minggu (sebaiknya hanya diberikan selama 1 minggu).<br></li><li>Hipnotik dapat bermanfaat pada beberapa pasien yang cemas sewaktu akan menghadapi perawatan gigi,&nbsp;digunakan pada waktu 1–3 malam sebelumnya.<b><br></b></li><li>Hipnotik tidak mengurangi rasa sakit dan jika rasa nyeri menganggu tidur, maka analgesik dapat diberikan<br></li><li>Peresepan hipnotik pada anak tidak dibenarkan kecuali untuk penggunaan sesekali seperti untuk mengatasi rasa takut pada malam hari dan somnabulisme (berjalan dalam tidur).<br></li><li>Pada penggunaan jangka panjang ada risiko habituasi (pemberian obat dapat menjadi kebiasaan) padahal untuk menenangkan anak pada malam hari, sebaiknya dilakukan pengobatan secara psikologis.</li><li>Penghentian penggunaan benzodiazepin sebaiknya secara bertahap karena penghentian yang tiba-tiba dapat mengakibatkan kebingungan, gangguan psikosis, kejang atau kondisi mirip&nbsp;delirium tremens. Penghentian barbiturat yang tiba-tiba bahkan dapat mengakibatkan efek yang lebih serius. Sindroma gejala putus obat dapat timbul kapan saja hingga 3 minggu setelah penghentian benzodiazepin jangka panjang; dan dapat timbul dalam waktu beberapa jam pada penggunaan benzodiazepin jangka pendek. Hal ini ditunjukkan dengan terjadinya insomnia, ansietas, hilangnya nafsu makan dan turunnya berat badan, tremor, berkeringat, tinnitus, dan gangguan persepsi. Gejala-gejala ini mungkin sama dengan gejala umum penyakitnya sehingga penggunaan obat tetap dilanjutkan, beberapa gejala dapat berlanjut selama beberapa minggu atau beberapa bulan setelah penghentian benzodiazepin.<br></li><li>Benzodiazepin diindikasikan untuk terapi jangka pendek ansietas berat (hanya digunakan selama 2 atau 4 minggu), kondisi stres yang sangat mengganggu, kondisi ansietas saja atau yang terkait insomnia atau psikosomatik jangka pendek, penyakit psikotik atau penyakit yang dialami organ tubuh.<br></li><li>Benzodiazepin tidak cocok untuk terapi jangka pendek ansietas ringan</li><li>Benzodiazepin hanya digunakan untuk terapi insomnia berat, atau kondisi stres yang sangat mengganggu.</li></ul><b>Indikasi:&nbsp;</b><br> <ul><li>insomnia, gangguan tidur dengan berbagai sebab (penggunaan jangka pendek).</li></ul><br> <b>Peringatan:&nbsp;</b><br> <ul><li>hamil, menyusui, penyakit pernapasan, kelemahan otot, riwayat penyalahgunaan obat atau alkohol, kelainan kepribadian yang jelas, gangguan faal hati dan ginjal, kurangi dosis pada lansia dan debil. Gangguan kemampuan mengemudi dan menjalankan mesin.</li></ul><br> <b>Kontraindikasi:&nbsp;</b><br> <ul><li>depresi pernapasan, miastenia gravis, kondisi fobi atau obsesi, psikosis kronik, gangguan hati berat.</li></ul><br><br> <br><br><br> <b><b>Efek Samping:&nbsp;</b></b><ul><li>ataksia dan bingung terutama pada pasien lansia, vertigo, amnesia, ketergantungan.</li></ul><br><br> <b>Dosis:&nbsp;</b><br> <ul><li>5-10 mg sebelum tidur;</li><li>LANSIA (atau debil) 2,5-5 mg;</li><li>ANAK tidak dianjurkan</li></ul><br><b>List Nama Dagang:</b><br><br><br> <ul><li><b>Dumoloid:</b></li><ol><li>Produsen:&nbsp;<a rel=\"nofollow\" target=\"_blank\">Actavis</a></li><li>Pendaftar:&nbsp;<a rel=\"nofollow\" target=\"_blank\">Actavis</a></li><li>Bentuk Sediaan:&nbsp;<a rel=\"nofollow\" target=\"_blank\">Tablet salut selaput</a></li><li>Kekuatan: 5 mg</li><li>Golongan Obat:&nbsp;P</li></ol></ul><b>Informasi lebih lanjut:</b><br><ul><li><a rel=\"nofollow\" target=\"_blank\" href=\"http://pionas.pom.go.id/monografi/nitrazepam\">http://pionas.pom.go.id/monografi/nitrazepam</a></li><li><a rel=\"nofollow\" target=\"_blank\" href=\"http://pionas.pom.go.id/ioni/bab-4-sistem-saraf-pusat/41-hipnosis-dan-ansietas/411-hipnosis/benzodiazepin\">http://pionas.pom.go.id/ioni/bab-4-sistem-saraf-pusat/41-hipnosis-dan-ansietas/411-hipnosis/benzodia...</a></li><li><a rel=\"nofollow\" target=\"_blank\" href=\"http://pionas.pom.go.id/ioni/bab-4-sistem-saraf-pusat/41-hipnosis-dan-ansietas/411-hipnosis\">http://pionas.pom.go.id/ioni/bab-4-sistem-saraf-pusat/41-hipnosis-dan-ansietas/411-hipnosis</a></li><li><a rel=\"nofollow\" target=\"_blank\" href=\"http://pionas.pom.go.id/ioni/bab-4-sistem-saraf-pusat/41-hipnosis-dan-ansietas\">http://pionas.pom.go.id/ioni/bab-4-sistem-saraf-pusat/41-hipnosis-dan-ansietas</a></li></ul><br><br>');
INSERT INTO `catatan_obat` VALUES ('6', '13', '<ul><li>Estazolam termasuk kloral dan derivatnya.</li><li>Obat ini terakumulasi pada penggunaan jangka panjang dan harus dihindari pada pasien gagal ginjal atau kerusakan hati.<br></li><li>Kloral dan derivat kloral dahulu biasa digunakan sebagai hipnotik pada anak (tetapi penggunaan hipnotik pada anak umumnya tidak dibenarkan).&nbsp;</li><li>Kloralhidrat dan triklofos saat ini terutama digunakan untuk sedasi selama prosedur diagnostik dan pada unit perawatan intensif.<br></li><li>Triklofos lebih sedikit menyebabkan gangguan saluran pencernaan dibanding kloralhidrat.<br></li><li>Tidak ada bukti ilmiah yang meyakinkan bahwa obat ini bermanfaat pada pasien lansia dan pemanfaatannya sebagai hipnotik saat ini sangat sedikit.<br></li><li>Untuk semua bentuk gangguan tidur disebabkan oleh gugup, ansietas, tegang, psikosis dan nyeri setelah operasi, trauma.</li><li>Estazolam termasuk Benzodiazepin.</li><li>Benzodiazepin adalah ansiolitik dan hipnotik yang paling umum digunakan; obat jenis ini bekerja pada reseptor benzodiazepin yang berhubungan dengan reseptor asam gammaaminobutirat (GABA). Obat terdahulu seperti&nbsp;meprobamat&nbsp;dan&nbsp;barbiturat&nbsp;tidak direkomendasikan lagi, karena lebih banyak menimbulkan efek samping dan interaksi obat dibandingkan dengan benzodiazepin dan lebih berbahaya jika terjadi dosis berlebih.<br></li><li>Efek&nbsp;Paradoksikal meningkat pada keadaan terancam/ ada ancaman dan sifat agresi dilaporkan terjadi pada pasien yang mengkonsumsi benzodiazepin. efeknya bervariasi mulai dari meracau dan rasa gembira sampai sifat agresif dan melakukan tindakan anti sosial. Penyesuaian dosis (meningkat ataupun menurun) biasanya melemahkan impuls. Peningkatan ansietas dan gangguan persepsi merupakan efek paradoksikal lainnya. Meningkatnya rasa bermusuhan dan agresi setelah mengkonsumsi barbiturat dan alkohol biasanya mengindikasikan adanya intoksikasi.<br></li><li>Hipnotik dan ansiolitik dapat mempengaruhi kemampuan pengambilan keputusan dan memperlambat reaksi, sehingga berefek pada kemampuan mengemudi dan mengoperasikan mesin. Obat jenis ini meningkatkan efek alkohol. Lebih lanjut, efek&nbsp;hangover&nbsp;pada dosis malam dapat mempengaruhi kemampuan mengemudi pada hari berikutnya.<br></li><li>Penghentian penggunaan benzodiazepin sebaiknya secara bertahap karena penghentian yang tiba-tiba dapat mengakibatkan kebingungan, gangguan psikosis, kejang atau kondisi mirip&nbsp;delirium tremens. Penghentian barbiturat yang tiba-tiba bahkan dapat mengakibatkan efek yang lebih serius. Sindroma gejala putus obat dapat timbul kapan saja hingga 3 minggu setelah penghentian benzodiazepin jangka panjang; dan dapat timbul dalam waktu beberapa jam pada penggunaan benzodiazepin jangka pendek. Hal ini ditunjukkan dengan terjadinya insomnia, ansietas, hilangnya nafsu makan dan turunnya berat badan, tremor, berkeringat, tinnitus, dan gangguan persepsi. Gejala-gejala ini mungkin sama dengan gejala umum penyakitnya sehingga penggunaan obat tetap dilanjutkan, beberapa gejala dapat berlanjut selama beberapa minggu atau beberapa bulan setelah penghentian benzodiazepin.<br></li><li>Benzodiazepin diindikasikan untuk terapi jangka pendek ansietas berat (hanya digunakan selama 2 atau 4 minggu), kondisi stres yang sangat mengganggu, kondisi ansietas saja atau yang terkait insomnia atau psikosomatik jangka pendek, penyakit psikotik atau penyakit yang dialami organ tubuh.<br></li><li>Benzodiazepin tidak cocok untuk terapi jangka pendek ansietas ringan</li><li>Benzodiazepin hanya digunakan untuk terapi insomnia berat, atau kondisi stres yang sangat mengganggu.</li></ul><b>Indikasi:&nbsp;</b><ul><li>Semua bentuk gangguan tidur disebabkan oleh gugup, ansietas, tegang, psikosis dan nyeri setelah operasi, trauma.<br></li></ul><br> <b>Peringatan:&nbsp;</b><ul><li>Menjalankan mesin, lansia, gangguan jantung, ginjal dan hati, bayi, kehamilan, menyusui, dapat terjadi sedasi yang berlebih, depresi pernapasan, hipotensi, atau gangguan koordinasi gerakan.</li></ul><b>Kontraindikasi:&nbsp;</b><ul><li>Miastenia gravis, hipersensitivitas.<br></li></ul><br> <b>Interaksi:&nbsp;</b><ul><li>Obat penekan SSP (hipnosedatif dan derivat fenotiazin), antidepresi, penghambat MAO, alkohol, dan pelemas otot: meningkatkan efek estazolam.</li></ul><b>Efek Samping:&nbsp;</b><br> <ul><li>Ketergantungan pada penggunaan jangka panjang, gejala putus obat, depresi pernapasan, reaksi tidak normal, mengantuk, pusing, kepala terasa ringan, gangguan koordinasi gerakan, sakit kepala, lesu, kemerahan, gatal.</li></ul><b>Dosis:&nbsp;</b><br> <ul><li>Dewasa :&nbsp;Neurosis, gangguan dalam: 1-2 mg.&nbsp;Psikosis, skizofrenia: 2-4 mg.&nbsp;Sebelum operasi: 1-2 mg pada malam hari. Estazolam digunakan sebelum tidur. Dosis disesuaikan menurut umur, gejala, dan kondisi pasien.<br></li></ul><b>Merk Obat (BPOM):</b><br><ol><li>Estalin</li><li>Esilgan<ul><li>Produsen:&nbsp;<a rel=\"nofollow\" target=\"_blank\">Takeda Indonesia</a></li><li><a rel=\"nofollow\" target=\"_blank\"></a>Pendaftar:&nbsp;<a rel=\"nofollow\" target=\"_blank\">Takeda Indonesia</a></li><li><a rel=\"nofollow\" target=\"_blank\"></a>Bentuk Sediaan:&nbsp;<a rel=\"nofollow\" target=\"_blank\">Tablet</a></li><li><a rel=\"nofollow\" target=\"_blank\"></a>Kekuatan: 1 mg, 2 mg&nbsp;</li><li>Golongan Obat:&nbsp;&nbsp;<a rel=\"nofollow\" target=\"_blank\">P&nbsp;</a></li></ul></li></ol><b>List nama dagang:</b><br>Untuk informasi nama produk terkini dapat melihat&nbsp;<a rel=\"nofollow\" target=\"_blank\" href=\"http://cekbpom.pom.go.id/\">cekbpom.pom.go.id</a><br> <ul><li><a rel=\"nofollow\" target=\"_blank\" href=\"http://pionas.pom.go.id/obat/esilgan\">Esilgan</a></li><li><a rel=\"nofollow\" target=\"_blank\" href=\"http://pionas.pom.go.id/obat/estalin\">Estalin</a></li></ul><br> <b>Informasi lebih lanjut:</b><br><ul><li><a rel=\"nofollow\" target=\"_blank\" href=\"http://pionas.pom.go.id/monografi/estazolam\">http://pionas.pom.go.id/monografi/estazolam</a></li><li><a rel=\"nofollow\" target=\"_blank\" href=\"http://pionas.pom.go.id/monografi/estazolam\"></a><a rel=\"nofollow\" target=\"_blank\" href=\"http://pionas.pom.go.id/ioni/bab-4-sistem-saraf-pusat/41-hipnosis-dan-ansietas/411-hipnosis/kloral-dan-derivatnya\">http://pionas.pom.go.id/ioni/bab-4-sistem-saraf-pusat/41-hipnosis-dan-ansietas/411-hipnosis/kloral-d...</a></li><li><a rel=\"nofollow\" target=\"_blank\" href=\"http://pionas.pom.go.id/ioni/bab-4-sistem-saraf-pusat/41-hipnosis-dan-ansietas/411-hipnosis/kloral-dan-derivatnya\"></a><a rel=\"nofollow\" target=\"_blank\" href=\"http://pionas.pom.go.id/ioni/bab-4-sistem-saraf-pusat/41-hipnosis-dan-ansietas/411-hipnosis\">http://pionas.pom.go.id/ioni/bab-4-sistem-saraf-pusat/41-hipnosis-dan-ansietas/411-hipnosis</a></li><li><a rel=\"nofollow\" target=\"_blank\" href=\"http://pionas.pom.go.id/ioni/bab-4-sistem-saraf-pusat/41-hipnosis-dan-ansietas/411-hipnosis\"></a><a rel=\"nofollow\" target=\"_blank\" href=\"http://pionas.pom.go.id/ioni/bab-4-sistem-saraf-pusat/41-hipnosis-dan-ansietas\">http://pionas.pom.go.id/ioni/bab-4-sistem-saraf-pusat/41-hipnosis-dan-ansietas</a></li></ul><br>');
INSERT INTO `catatan_obat` VALUES ('7', '14', '<ul><li>Midazolam termasuk Kloral dan derivat kloral dahulu biasa digunakan sebagai hipnotik pada anak (tetapi penggunaan hipnotik pada anak umumnya tidak dibenarkan). Tidak ada bukti ilmiah yang meyakinkan bahwa obat jenis ini bermanfaat pada pasien lansia dan pemanfaatannya sebagai hipnotik saat ini sangat sedikit. Triklofos lebih sedikit menyebabkan gangguan saluran pencernaan dibanding kloralhidrat.Kloralhidrat dan triklofos saat ini terutama digunakan untuk sedasi selama prosedur diagnostik dan pada unit perawatan intensif. Obat jenis ini terakumulasi pada penggunaan jangka panjang dan harus dihindari pada pasien gagal ginjal atau kerusakan hati.</li><li>Midazolam termasuk Benzodiazepin.</li><li>Benzodiazepin&nbsp;adalah ansiolitik dan hipnotik yang paling umum digunakan; obat jenis ini bekerja pada reseptor benzodiazepin yang berhubungan dengan reseptor asam gammaaminobutirat (GABA). Obat terdahulu seperti&nbsp;meprobamat&nbsp;dan&nbsp;barbiturat&nbsp;tidak direkomendasikan lagi, karena lebih banyak menimbulkan efek samping dan interaksi obat dibandingkan dengan benzodiazepin dan lebih berbahaya jika terjadi dosis berlebih.<br></li><li>Efek&nbsp;Paradoksikal meningkat pada keadaan terancam/ ada ancaman dan sifat agresi dilaporkan terjadi pada pasien yang mengkonsumsi benzodiazepin. efeknya bervariasi mulai dari meracau dan rasa gembira sampai sifat agresif dan melakukan tindakan anti sosial. Penyesuaian dosis (meningkat ataupun menurun) biasanya melemahkan impuls. Peningkatan ansietas dan gangguan persepsi merupakan efek paradoksikal lainnya. Meningkatnya rasa bermusuhan dan agresi setelah mengkonsumsi barbiturat dan alkohol biasanya mengindikasikan adanya intoksikasi.<br></li><li>Hipnotik dan ansiolitik dapat mempengaruhi kemampuan pengambilan keputusan dan memperlambat reaksi, sehingga berefek pada kemampuan mengemudi dan mengoperasikan mesin. Obat jenis ini meningkatkan efek alkohol. Lebih lanjut, efek&nbsp;hangover&nbsp;pada dosis malam dapat mempengaruhi kemampuan mengemudi pada hari berikutnya.<br></li><li>Penghentian penggunaan benzodiazepin sebaiknya secara bertahap karena penghentian yang tiba-tiba dapat mengakibatkan kebingungan, gangguan psikosis, kejang atau kondisi mirip&nbsp;delirium tremens. Penghentian barbiturat yang tiba-tiba bahkan dapat mengakibatkan efek yang lebih serius. Sindroma gejala putus obat dapat timbul kapan saja hingga 3 minggu setelah penghentian benzodiazepin jangka panjang; dan dapat timbul dalam waktu beberapa jam pada penggunaan benzodiazepin jangka pendek. Hal ini ditunjukkan dengan terjadinya insomnia, ansietas, hilangnya nafsu makan dan turunnya berat badan, tremor, berkeringat, tinnitus, dan gangguan persepsi. Gejala-gejala ini mungkin sama dengan gejala umum penyakitnya sehingga penggunaan obat tetap dilanjutkan, beberapa gejala dapat berlanjut selama beberapa minggu atau beberapa bulan setelah penghentian benzodiazepin.<br></li><li>Benzodiazepin diindikasikan untuk terapi jangka pendek ansietas berat (hanya digunakan selama 2 atau 4 minggu), kondisi stres yang sangat mengganggu, kondisi ansietas saja atau yang terkait insomnia atau psikosomatik jangka pendek, penyakit psikotik atau penyakit yang dialami organ tubuh.<br></li><li>Benzodiazepin tidak cocok untuk terapi jangka pendek ansietas ringan</li><li>Benzodiazepin hanya digunakan untuk terapi insomnia berat, atau kondisi stres yang sangat mengganggu.</li></ul><b>Indikasi:&nbsp;</b><br><ul><li>premedikasi, induksi anestesi dan penunjang anestesi umum; sedasi untuk tindakan diagnostik &amp; anestesi lokal.</li></ul><b>Peringatan:&nbsp;</b><br> <ul><li>insomnia pada psikosis, depresi berat, kerusakan otak organik, insufisiensi pernapasan, mengemudi atau mengoperasikan mesin yang berbahaya pada jam pertama sampai keenam setelah mendapat obat, orang dewasa lebih dari 60 tahun, hamil, menyusui, gangguan hati, ketergantungan, pemutusan obat mendadak, pengurangan bertahap setelah pemakaian lama, penggunaan intravena apabila fasilitas resusitasi tersedia.</li></ul><b>Kontraindikasi:&nbsp;</b><ul><li>bayi prematur, miastenia gravis.<br><br></li></ul><b>Efek Samping:&nbsp;</b><br> <ul><li>jarang terjadi efek samping pada kardiorespirasi, mual, muntah, nyeri kepala, cegukan, laringospamus, dispnea, halusinasi, mengantuk berlebihan, ataksia, ruam kulit, reaksi paradoksikal, episode amnesia.</li></ul><b>Dosis:&nbsp;</b><br> <ul><li>injeksi intramuskular premedikasi sebelum operasi: DEWASA 0,07-0,1 mg/kg bb: ANAK 0,15-0,2 mg/kg bb. Injeksi intravena premedikasi sebelum diagnostik/intervensi bedah 2,5-5 mg, selanjutnya 1 mg bila diperlukan. Induksi anestesi dewasa 10-15 mg intravena dalam kombinasi dengan narkotik 0,03-0,3 mg/kg bb/jam. ANAK 0,15-0,2 mg/kg bb intramuskular dalam kombinasi dengan ketamin. Sedasi dalam unit perawatan intensif (ICU) dosis muatan (loading dose) 0,03-0,3 mg/kg bb; dosis penunjang 0,03-0,2 mg/kg bb/jam.</li></ul><b>List Nama Dagang:<br></b><ul><li>Anesfar :</li><ol><li>Bentuk Sediaan : Cairan injeksi</li><li>Kekuatan : 1mg/mL , 5mg/mL</li></ol></ul><ul><li>Midacum</li><ol><li>Produsen : Ferron Par Pharma</li><li>Pendaftar : Ferron Par Pharma</li><li>Bentuk Sediaan : Cairan Injeksi</li><li>Kekuatan : 1mg/mL , 5mg/mL</li></ol></ul><ul><li>Anesfar</li><ol><li>Produsen : Pratapa Nirmala</li><li>Pendaftar :&nbsp;Pratapa Nirmala<br></li><li>Bentuk Sediaan:&nbsp;Cairan injeksi<br><br></li><li>Kekuatan:&nbsp;1 mg/mL,&nbsp;5 mg/mL<br></li><li><a rel=\"nofollow\" target=\"_blank\"></a><a rel=\"nofollow\" target=\"_blank\"></a><a rel=\"nofollow\" target=\"_blank\"></a>Golongan Obat:&nbsp;P<br><br></li></ol></ul><ul><li>Midazola-Hameln</li><ol><li>Pendaftar:&nbsp;<a rel=\"nofollow\" target=\"_blank\">Combiphar</a><br><br></li><li>Bentuk Sediaan:&nbsp;<a rel=\"nofollow\" target=\"_blank\">Cairan injeksi</a><br></li><li><a rel=\"nofollow\" target=\"_blank\">Kekuatan: 5 mg/ mL</a></li><li><a rel=\"nofollow\" target=\"_blank\"></a><a rel=\"nofollow\" target=\"_blank\">Golongan Obat:&nbsp;</a><a rel=\"nofollow\" target=\"_blank\">P</a><br></li></ol></ul><ul><li>Dormicum</li><ol><li>&nbsp;Pendaftar:&nbsp;<a rel=\"nofollow\" target=\"_blank\">Boehringer Ingelheim</a>&nbsp;</li><li>&nbsp;Bentuk Sediaan:&nbsp;<a rel=\"nofollow\" target=\"_blank\">Cairan injeksi</a></li><li>&nbsp;Kekuatan: 1 mg/mL,&nbsp;5 mg/mL&nbsp;</li></ol></ul><ul><li>Midazolam-Hameln</li><ol><li>Pendaftar:&nbsp;<a rel=\"nofollow\" target=\"_blank\">Combiphar</a>&nbsp;<br><br></li><li>Bentuk Sediaan:&nbsp;<a rel=\"nofollow\" target=\"_blank\">Cairan injeksi</a></li><li>Kekuatan: 1 mg/mL, 5 mg/mL</li></ol></ul><ul><li>Miloz</li><ol><li>Bentuk Sediaan:&nbsp;<a rel=\"nofollow\" target=\"_blank\">Cairan injeksi</a></li><li>Kekuatan: 1 mg/mL, 5 mg/mL<br></li><li>Golongan Obat:&nbsp;<a rel=\"nofollow\" target=\"_blank\">P</a><br></li></ol></ul><ul><li>Fortanest</li><ol><li>Produsen :&nbsp;<a rel=\"nofollow\" target=\"_blank\">Kalbe Farma</a><br><br></li><li>Pendaftar&nbsp;:&nbsp;<a rel=\"nofollow\" target=\"_blank\">Kalbe Farma</a></li><li>Bentuk Sediaan :&nbsp;<a rel=\"nofollow\" target=\"_blank\">Cairan injeksi</a><br></li><li>Kekuatan&nbsp;:&nbsp;1 mg/mL,&nbsp;5 mg/mL</li><li>Golongan Obat&nbsp;:&nbsp;<a rel=\"nofollow\" target=\"_blank\">P</a>&nbsp;</li></ol></ul><ul><li>Sedacum</li><ol><li>Produsen:&nbsp;Ferron Par Pharma<br></li><li>Pendaftar:&nbsp;Dexa Medica</li><li>Bentuk Sediaan:&nbsp;Cairan injeksi</li><li>Kekuatan: 1 mg/mL, 5 mg/mL</li><li>Golongan Obat:&nbsp;P</li></ol></ul><ul><li>Hipnoz</li><ol><li>Pendaftar:&nbsp;Pharos Indonesia<br><br></li><li>Bentuk Sediaan:&nbsp;Cairan injeksi<br></li><li>Kekuatan: 1 mg/mL, 5 mg/mL</li><li>Golongan Obat:&nbsp;P</li></ol></ul><ul><li>Sezolam</li><ol><li>Produsen:&nbsp;<a rel=\"nofollow\" target=\"_blank\">Claris L</a><a rel=\"nofollow\" target=\"_blank\">ife Sciences Ltd - India</a><a rel=\"nofollow\" target=\"_blank\">&nbsp;</a><br><br></li><li><a rel=\"nofollow\" target=\"_blank\">Bentuk Sediaan:&nbsp;</a>Cairan injeksi</li><li>Kekuatan: 1 mg/mL, 5 mg/mL</li><li>Golongan Obat:&nbsp;<a rel=\"nofollow\" target=\"_blank\">P</a></li></ol></ul><br><b>Informasi lebih lanjut:</b><br> <ul><li><a rel=\"nofollow\" target=\"_blank\" href=\"http://pionas.pom.go.id/monografi/midazolam\">http://pionas.pom.go.id/monografi/midazolam</a><br></li><li><a rel=\"nofollow\" target=\"_blank\" href=\"http://pionas.pom.go.id/ioni/bab-4-sistem-saraf-pusat/41-hipnosis-dan-ansietas/411-hipnosis/kloral-dan-derivatnya\">http://pionas.pom.go.id/ioni/bab-4-sistem-saraf-pusat/41-hipnosis-dan-ansietas/411-hipnosis/kloral-d...</a></li><li><a rel=\"nofollow\" target=\"_blank\" href=\"http://pionas.pom.go.id/ioni/bab-4-sistem-saraf-pusat/41-hipnosis-dan-ansietas\">http://pionas.pom.go.id/ioni/bab-4-sistem-saraf-pusat/41-hipnosis-dan-ansietas</a><br></li></ul>');
INSERT INTO `catatan_obat` VALUES ('8', '15', '<div><div><div><ul><li>Klorhidrat termasuk Kloral dan derivat kloral dahulu biasa digunakan sebagai hipnotik pada anak (tetapi penggunaan hipnotik pada anak umumnya tidak dibenarkan). Tidak ada bukti ilmiah yang meyakinkan bahwa obat jenis ini bermanfaat pada pasien lansia dan pemanfaatannya sebagai hipnotik saat ini sangat sedikit. Triklofos lebih sedikit menyebabkan gangguan saluran pencernaan dibanding kloralhidrat.Kloralhidrat dan triklofos saat ini terutama digunakan untuk sedasi selama prosedur diagnostik dan pada unit perawatan intensif. Obat jenis ini terakumulasi pada penggunaan jangka panjang dan harus dihindari pada pasien gagal ginjal atau kerusakan hati.</li><li>Klorhidrat termasuk Benzodiazepin.</li><li>Benzodiazepin&nbsp;adalah ansiolitik dan hipnotik yang paling umum digunakan; obat jenis ini bekerja pada reseptor benzodiazepin yang berhubungan dengan reseptor asam gammaaminobutirat (GABA). Obat terdahulu seperti&nbsp;meprobamat&nbsp;dan&nbsp;barbiturat&nbsp;tidak direkomendasikan lagi, karena lebih banyak menimbulkan efek samping dan interaksi obat dibandingkan dengan benzodiazepin dan lebih berbahaya jika terjadi dosis berlebih.</li><li>Efek&nbsp;Paradoksikal meningkat pada keadaan terancam/ ada ancaman dan sifat agresi dilaporkan terjadi pada pasien yang mengkonsumsi benzodiazepin. efeknya bervariasi mulai dari meracau dan rasa gembira sampai sifat agresif dan melakukan tindakan anti sosial. Penyesuaian dosis (meningkat ataupun menurun) biasanya melemahkan impuls. Peningkatan ansietas dan gangguan persepsi merupakan efek paradoksikal lainnya. Meningkatnya rasa bermusuhan dan agresi setelah mengkonsumsi barbiturat dan alkohol biasanya mengindikasikan adanya intoksikasi.<br></li><li>Hipnotik dan ansiolitik dapat mempengaruhi kemampuan pengambilan keputusan dan memperlambat reaksi, sehingga berefek pada kemampuan mengemudi dan mengoperasikan mesin. Obat jenis ini meningkatkan efek alkohol. Lebih lanjut, efek&nbsp;hangover&nbsp;pada dosis malam dapat mempengaruhi kemampuan mengemudi pada hari berikutnya.<br></li><li>Penghentian penggunaan benzodiazepin sebaiknya secara bertahap karena penghentian yang tiba-tiba dapat mengakibatkan kebingungan, gangguan psikosis, kejang atau kondisi mirip&nbsp;delirium tremens. Penghentian barbiturat yang tiba-tiba bahkan dapat mengakibatkan efek yang lebih serius. Sindroma gejala putus obat dapat timbul kapan saja hingga 3 minggu setelah penghentian benzodiazepin jangka panjang; dan dapat timbul dalam waktu beberapa jam pada penggunaan benzodiazepin jangka pendek. Hal ini ditunjukkan dengan terjadinya insomnia, ansietas, hilangnya nafsu makan dan turunnya berat badan, tremor, berkeringat, tinnitus, dan gangguan persepsi. Gejala-gejala ini mungkin sama dengan gejala umum penyakitnya sehingga penggunaan obat tetap dilanjutkan, beberapa gejala dapat berlanjut selama beberapa minggu atau beberapa bulan setelah penghentian benzodiazepin.<br></li><li>Benzodiazepin diindikasikan untuk terapi jangka pendek ansietas berat (hanya digunakan selama 2 atau 4 minggu), kondisi stres yang sangat mengganggu, kondisi ansietas saja atau yang terkait insomnia atau psikosomatik jangka pendek, penyakit psikotik atau penyakit yang dialami organ tubuh.<br></li><li>Benzodiazepin tidak cocok untuk terapi jangka pendek ansietas ringan</li><li>Benzodiazepin hanya digunakan untuk terapi insomnia berat, atau kondisi stres yang sangat mengganggu.</li></ul><b>Indikasi:&nbsp;</b></div><div><ul><li>insomnia (penggunaan jangka pendek).</li></ul></div></div><div><div><b>Peringatan:&nbsp;</b></div><div><ul><li>dapat menimbulkan ketergantungan, penyakit pernapasan, riwayat penyalahgunaan obat dan alkohol, gangguan kepribadian yang jelas, hamil, menyusui, pada kasus lansia dan debil dosis dikurangi, hindari pemakaian lama dan pemutusan obat mendadak, hindari kontak dengan kulit dan selaput lendir.</li></ul></div></div><div><div><b>Kontraindikasi:&nbsp;</b><br></div></div><div><div><ul><li>penyakit jantung berat, gangguan faal hati dan ginjal yang jelas, gastritis, hamil dan menyusui.</li></ul></div></div><b>Efek Samping:&nbsp;</b></div><div><ul><li>iritasi lambung, distensi abdominal dan flatulensi, ruam kulit, kemudian nyeri kepala, ketonuria, eksitasi, delirium (terutama lansia), ketergantungan pada pemakaian jangka lama, gangguan ginjal dan hati, hipotensi.</li></ul><b>Dosis:&nbsp;</b><ul><li>insomnia 0,5-1 g (maksimal 2 g) dengan minum banyak air pada waktu sebelum tidur. ANAK 30-50 mg/kg bb sampai maksimal dosis tunggal 1 g.<br></li></ul><b>Informasi lebih lanjut:</b><br><ul><li><a href=\"http://pionas.pom.go.id/monografi/kloralhidrat\" target=\"\" rel=\"\">http://pionas.pom.go.id/monografi/kloralhidrat</a></li><li><a href=\"http://pionas.pom.go.id/ioni/bab-4-sistem-saraf-pusat/41-hipnosis-dan-ansietas/411-hipnosis/kloral-dan-derivatnya\" target=\"\" rel=\"\">http://pionas.pom.go.id/ioni/bab-4-sistem-saraf-pusat/41-hipnosis-dan-ansietas/411-hipnosis/kloral-d...</a><br></li><li><a href=\"http://pionas.pom.go.id/ioni/bab-4-sistem-saraf-pusat/41-hipnosis-dan-ansietas\" target=\"\" rel=\"\">http://pionas.pom.go.id/ioni/bab-4-sistem-saraf-pusat/41-hipnosis-dan-ansietas</a><br></li></ul></div>');
INSERT INTO `catatan_obat` VALUES ('9', '16', '<ul><li>Ramelteon termasuk Kloral dan derivat kloral dahulu biasa digunakan sebagai hipnotik pada anak (tetapi penggunaan hipnotik pada anak umumnya tidak dibenarkan). Tidak ada bukti ilmiah yang meyakinkan bahwa obat jenis ini bermanfaat pada pasien lansia dan pemanfaatannya sebagai hipnotik saat ini sangat sedikit. Triklofos lebih sedikit menyebabkan gangguan saluran pencernaan dibanding kloralhidrat.Kloralhidrat dan triklofos saat ini terutama digunakan untuk sedasi selama prosedur diagnostik dan pada unit perawatan intensif. Obat jenis ini terakumulasi pada penggunaan jangka panjang dan harus dihindari pada pasien gagal ginjal atau kerusakan hati.</li><li>Ramelteon termasuk Benzodiazepin.</li><li>Benzodiazepin&nbsp;adalah ansiolitik dan hipnotik yang paling umum digunakan; obat jenis ini bekerja pada reseptor benzodiazepin yang berhubungan dengan reseptor asam gammaaminobutirat (GABA). Obat terdahulu seperti&nbsp;meprobamat&nbsp;dan&nbsp;barbiturat&nbsp;tidak direkomendasikan lagi, karena lebih banyak menimbulkan efek samping dan interaksi obat dibandingkan dengan benzodiazepin dan lebih berbahaya jika terjadi dosis berlebih.</li><li>Efek&nbsp;Paradoksikal meningkat pada keadaan terancam/ ada ancaman dan sifat agresi dilaporkan terjadi pada pasien yang mengkonsumsi benzodiazepin. efeknya bervariasi mulai dari meracau dan rasa gembira sampai sifat agresif dan melakukan tindakan anti sosial. Penyesuaian dosis (meningkat ataupun menurun) biasanya melemahkan impuls. Peningkatan ansietas dan gangguan persepsi merupakan efek paradoksikal lainnya. Meningkatnya rasa bermusuhan dan agresi setelah mengkonsumsi barbiturat dan alkohol biasanya mengindikasikan adanya intoksikasi.<br></li><li>Hipnotik dan ansiolitik dapat mempengaruhi kemampuan pengambilan keputusan dan memperlambat reaksi, sehingga berefek pada kemampuan mengemudi dan mengoperasikan mesin. Obat jenis ini meningkatkan efek alkohol. Lebih lanjut, efek&nbsp;hangover&nbsp;pada dosis malam dapat mempengaruhi kemampuan mengemudi pada hari berikutnya.<br></li><li>Penghentian penggunaan benzodiazepin sebaiknya secara bertahap karena penghentian yang tiba-tiba dapat mengakibatkan kebingungan, gangguan psikosis, kejang atau kondisi mirip&nbsp;delirium tremens. Penghentian barbiturat yang tiba-tiba bahkan dapat mengakibatkan efek yang lebih serius. Sindroma gejala putus obat dapat timbul kapan saja hingga 3 minggu setelah penghentian benzodiazepin jangka panjang; dan dapat timbul dalam waktu beberapa jam pada penggunaan benzodiazepin jangka pendek. Hal ini ditunjukkan dengan terjadinya insomnia, ansietas, hilangnya nafsu makan dan turunnya berat badan, tremor, berkeringat, tinnitus, dan gangguan persepsi. Gejala-gejala ini mungkin sama dengan gejala umum penyakitnya sehingga penggunaan obat tetap dilanjutkan, beberapa gejala dapat berlanjut selama beberapa minggu atau beberapa bulan setelah penghentian benzodiazepin.<br></li><li>Benzodiazepin diindikasikan untuk terapi jangka pendek ansietas berat (hanya digunakan selama 2 atau 4 minggu), kondisi stres yang sangat mengganggu, kondisi ansietas saja atau yang terkait insomnia atau psikosomatik jangka pendek, penyakit psikotik atau penyakit yang dialami organ tubuh.<br></li><li>Benzodiazepin tidak cocok untuk terapi jangka pendek ansietas ringan</li><li>Benzodiazepin hanya digunakan untuk terapi insomnia berat, atau kondisi stres yang sangat mengganggu.</li></ul><b>Indikasi:&nbsp;</b><br> <ul><li>insomnia, yang ditandai dengan kesulitan tidur.</li></ul><br> <b>Peringatan:&nbsp;</b><br> <ul><li>Seperti obat hipnotik yang lain, penggunaan obat ini dapat mengakibatkan eksaserbasi insomnia, gangguan kognitif dan abnormalitas tingkah laku serta perburukan depresi (termasuk keinginan bunuh diri) pada pasien depresi primer; hati-hati penggunaan pada penderita dengan gangguan hati sedang; tidak boleh digunakan pada penderita dengan gangguan hati yang parah. Hati-hati penggunaan pada pengguna alkohol; penderita yang mendapat obat penghambat CYP1A2; mengendarai kendaraan bermotor dan menjalankan mesin. Tidak dianjurkan pada penderita&nbsp;Severe Sleep Apnea&nbsp;atau penderita Penyakit Paru Obstruktif Kronis (PPOK); Tidak diperlukan penyesuaian dosis pada pasien gangguan ginjal ringan sampai berat termasuk pasien hemodialisis. Tidak dianjurkan penggunaan pada ibu hamil dan menyusui. Keamanan dan efektifitas penggunaan pada anak-anak belum ditetapkan.</li></ul><b>Interaksi:&nbsp;</b><br> <ul><li>Tidak boleh digunakan bersama fluvoksamin (inhibitor kuat CYP1A2 ). Efikasi dapat menurun jika diberikan bersamaan dengan enzim penginduksi kuat CYP seperti rifampisin. Hati-hati penggunaan pada penderita yang juga mendapat obat inhbitor CYP3A4 seperti ketokonazol dan inhibitor kuat CYP2C9 seperti flukonazol.</li></ul><b>Kontraindikasi:&nbsp;</b><br> <ul><li>penderita hipersensitif, penyakit hati berat, pemberian bersama fluvoksamin.</li></ul><b>Efek Samping:&nbsp;</b><br><br> <ul><li><u></u>mengantuk, pusing, mual, lelah, sakit kepala dan insomnia.</li></ul><br><br> <b>Dosis:&nbsp;</b><br> <ul><li>8 mg diberikan 30 menit sebelum tidur. Tidak dianjurkan diberikan sewaktu makan atau segera setelah makan makanan dengan kadar lemak tinggi</li></ul><b>List Nama Dagang :<br></b><ul><li>Roserem</li><ol><li>Pendaftar:&nbsp;<a rel=\"nofollow\" target=\"_blank\">Takeda Indonesia</a></li><li>Bentuk Sediaan:&nbsp;<a rel=\"nofollow\" target=\"_blank\">Tablet</a></li><li>Kekuatan: 8 mg</li><li>Golongan Obat:&nbsp;<a rel=\"nofollow\" target=\"_blank\">K</a></li></ol></ul><b>Informasi lebih lanjut:</b><br><br><br> <ul><li><a rel=\"nofollow\" target=\"_blank\" href=\"http://pionas.pom.go.id/monografi/ramelteon\">http://pionas.pom.go.id/monografi/ramelteon</a></li><li><a rel=\"nofollow\" target=\"_blank\" href=\"http://pionas.pom.go.id/ioni/bab-4-sistem-saraf-pusat/41-hipnosis-dan-ansietas/411-hipnosis/kloral-dan-derivatnya\">http://pionas.pom.go.id/ioni/bab-4-sistem-saraf-pusat/41-hipnosis-dan-ansietas/411-hipnosis/kloral-d...</a><br></li><li><a rel=\"nofollow\" target=\"_blank\" href=\"http://pionas.pom.go.id/ioni/bab-4-sistem-saraf-pusat/41-hipnosis-dan-ansietas\">http://pionas.pom.go.id/ioni/bab-4-sistem-saraf-pusat/41-hipnosis-dan-ansietas</a><br></li></ul>');
INSERT INTO `catatan_obat` VALUES ('10', '17', '<ul><li>Triazolam termasuk Kloral dan derivat kloral dahulu biasa digunakan sebagai hipnotik pada anak (tetapi penggunaan hipnotik pada anak umumnya tidak dibenarkan). Tidak ada bukti ilmiah yang meyakinkan bahwa obat jenis ini bermanfaat pada pasien lansia dan pemanfaatannya sebagai hipnotik saat ini sangat sedikit. Triklofos lebih sedikit menyebabkan gangguan saluran pencernaan dibanding kloralhidrat.Kloralhidrat dan triklofos saat ini terutama digunakan untuk sedasi selama prosedur diagnostik dan pada unit perawatan intensif. Obat jenis ini terakumulasi pada penggunaan jangka panjang dan harus dihindari pada pasien gagal ginjal atau kerusakan hati.<br></li><li>Triazolam termasuk Benzodiazepin.<br></li><li>Benzodiazepin&nbsp;adalah ansiolitik dan hipnotik yang paling umum digunakan; obat jenis ini bekerja pada reseptor benzodiazepin yang berhubungan dengan reseptor asam gammaaminobutirat (GABA). Obat terdahulu seperti&nbsp;meprobamat&nbsp;dan&nbsp;barbiturat&nbsp;tidak direkomendasikan lagi, karena lebih banyak menimbulkan efek samping dan interaksi obat dibandingkan dengan benzodiazepin dan lebih berbahaya jika terjadi dosis berlebih.<br></li><li>Efek&nbsp;Paradoksikal meningkat pada keadaan terancam/ ada ancaman dan sifat agresi dilaporkan terjadi pada pasien yang mengkonsumsi benzodiazepin. efeknya bervariasi mulai dari meracau dan rasa gembira sampai sifat agresif dan melakukan tindakan anti sosial. Penyesuaian dosis (meningkat ataupun menurun) biasanya melemahkan impuls. Peningkatan ansietas dan gangguan persepsi merupakan efek paradoksikal lainnya. Meningkatnya rasa bermusuhan dan agresi setelah mengkonsumsi barbiturat dan alkohol biasanya mengindikasikan adanya intoksikasi.</li><li>Hipnotik dan ansiolitik dapat mempengaruhi kemampuan pengambilan keputusan dan memperlambat reaksi, sehingga berefek pada kemampuan mengemudi dan mengoperasikan mesin. Obat jenis ini meningkatkan efek alkohol. Lebih lanjut, efek&nbsp;hangover&nbsp;pada dosis malam dapat mempengaruhi kemampuan mengemudi pada hari berikutnya.</li><li>Penghentian penggunaan benzodiazepin sebaiknya secara bertahap karena penghentian yang tiba-tiba dapat mengakibatkan kebingungan, gangguan psikosis, kejang atau kondisi mirip&nbsp;delirium tremens. Penghentian barbiturat yang tiba-tiba bahkan dapat mengakibatkan efek yang lebih serius. Sindroma gejala putus obat dapat timbul kapan saja hingga 3 minggu setelah penghentian benzodiazepin jangka panjang; dan dapat timbul dalam waktu beberapa jam pada penggunaan benzodiazepin jangka pendek. Hal ini ditunjukkan dengan terjadinya insomnia, ansietas, hilangnya nafsu makan dan turunnya berat badan, tremor, berkeringat, tinnitus, dan gangguan persepsi. Gejala-gejala ini mungkin sama dengan gejala umum penyakitnya sehingga penggunaan obat tetap dilanjutkan, beberapa gejala dapat berlanjut selama beberapa minggu atau beberapa bulan setelah penghentian benzodiazepin.</li><li>Benzodiazepin diindikasikan untuk terapi jangka pendek ansietas berat (hanya digunakan selama 2 atau 4 minggu), kondisi stres yang sangat mengganggu, kondisi ansietas saja atau yang terkait insomnia atau psikosomatik jangka pendek, penyakit psikotik atau penyakit yang dialami organ tubuh.</li><li>Benzodiazepin tidak cocok untuk terapi jangka pendek ansietas ringan.</li><li>Benzodiazepin hanya digunakan untuk terapi insomnia berat, atau kondisi stres yang sangat mengganggu.</li></ul><b>Indikasi:&nbsp;</b><br><ul><li>insomnia dan terutama bila sulit tertidur: sering terbangun malam hari dan atau bangun terlalu pagi.<br></li></ul><br> <b>Peringatan:&nbsp;</b><br><ul><li>individu yang mudah kecanduan, depresi laten, kecenderungan bunuh diri, gangguan fungsi ginjal dan hati, apneu waktu tidur, gangguan fungsi paru berat. Hindari menjalankan mesin atau mengemudi.<br></li></ul><br> <b>Interaksi:&nbsp;</b><br> <ul><li>simetidin, eritromisin. Efek ditingkatkan oleh alkohol dan depresan SSP lain.</li></ul><br><br> <b>Efek Samping:&nbsp;</b><br> <ul><li>mengantuk, gangguan koordinasi. Kadang-kadang amnesia anterograd, bingung, agitasi.</li></ul><br><br> <b>Dosis:&nbsp;</b><br><br> <ul><li>pasien geriatri 0,125 mg (naikkan bertahap sampai 0,25 mg bila diperlukan). Insomnia yang belum diobati sebelumnya 0,125 mg (naikkan sampai 0,25 mg bila diperlukan). DEWASA 0,125-0,25 mg.</li></ul><b>List Nama Dagang :</b><br><ul><li>Hipsion</li><ol><li>Produsen:&nbsp;Mersifarma Tirmaku Mercusana<br></li><li>Pendaftar:&nbsp;<a rel=\"nofollow\" target=\"_blank\">Mersifarma Tirmaku Mercusana</a></li><li><a rel=\"nofollow\" target=\"_blank\"></a><a rel=\"nofollow\" target=\"_blank\">Bentuk Sediaan:&nbsp;</a><a rel=\"nofollow\" target=\"_blank\">Tablet salut selaput<br></a><br></li><li>Kekuatan: 0.25 mg</li><li>Golongan Obat:&nbsp;P</li></ol></ul><b>Informasi lebih lanjut:</b><br><ul><li><a rel=\"nofollow\" target=\"_blank\" href=\"http://pionas.pom.go.id/monografi/triazolam\">http://pionas.pom.go.id/monografi/triazolam</a></li><li><a rel=\"nofollow\" target=\"_blank\" href=\"http://pionas.pom.go.id/ioni/bab-4-sistem-saraf-pusat/41-hipnosis-dan-ansietas/411-hipnosis/kloral-dan-derivatnya\">http://pionas.pom.go.id/ioni/bab-4-sistem-saraf-pusat/41-hipnosis-dan-ansietas/411-hipnosis/kloral-d...</a><br></li><li><a rel=\"nofollow\" target=\"_blank\" href=\"http://pionas.pom.go.id/ioni/bab-4-sistem-saraf-pusat/41-hipnosis-dan-ansietas\">http://pionas.pom.go.id/ioni/bab-4-sistem-saraf-pusat/41-hipnosis-dan-ansietas</a><br></li></ul>');
INSERT INTO `catatan_obat` VALUES ('11', '18', '<ul><li>Zolpidem dan zopiklon termasuk hipnotik non-benzodiazepin tetapi bekerja pada reseptor benzodiazepin.&nbsp;</li><li>Zolpidem dan zopiklon memiliki durasi kerja yang pendek. Kedua obat tersebut tidak diperbolehkan digunakan untuk jangka waktu yang panjang. Dilaporkan terjadi ketergantungan pada sejumlah kecil pasien.</li><li>Zolpidem tartrat termasuk Benzodiazepin.</li><li>Benzodiazepin&nbsp;adalah ansiolitik dan hipnotik yang paling umum digunakan; obat jenis ini bekerja pada reseptor benzodiazepin yang berhubungan dengan reseptor asam gammaaminobutirat (GABA). Obat terdahulu seperti&nbsp;meprobamat&nbsp;dan&nbsp;barbiturat&nbsp;tidak direkomendasikan lagi, karena lebih banyak menimbulkan efek samping dan interaksi obat dibandingkan dengan benzodiazepin dan lebih berbahaya jika terjadi dosis berlebih.<br></li><li>Efek&nbsp;Paradoksikal meningkat pada keadaan terancam/ ada ancaman dan sifat agresi dilaporkan terjadi pada pasien yang mengkonsumsi benzodiazepin. efeknya bervariasi mulai dari meracau dan rasa gembira sampai sifat agresif dan melakukan tindakan anti sosial. Penyesuaian dosis (meningkat ataupun menurun) biasanya melemahkan impuls. Peningkatan ansietas dan gangguan persepsi merupakan efek paradoksikal lainnya. Meningkatnya rasa bermusuhan dan agresi setelah mengkonsumsi barbiturat dan alkohol biasanya mengindikasikan adanya intoksikasi.<br></li><li>Hipnotik dan ansiolitik dapat mempengaruhi kemampuan pengambilan keputusan dan memperlambat reaksi, sehingga berefek pada kemampuan mengemudi dan mengoperasikan mesin. Obat jenis ini meningkatkan efek alkohol. Lebih lanjut, efek&nbsp;hangover&nbsp;pada dosis malam dapat mempengaruhi kemampuan mengemudi pada hari berikutnya.<br></li><li>Penghentian penggunaan benzodiazepin sebaiknya secara bertahap karena penghentian yang tiba-tiba dapat mengakibatkan kebingungan, gangguan psikosis, kejang atau kondisi mirip&nbsp;delirium tremens. Penghentian barbiturat yang tiba-tiba bahkan dapat mengakibatkan efek yang lebih serius. Sindroma gejala putus obat dapat timbul kapan saja hingga 3 minggu setelah penghentian benzodiazepin jangka panjang; dan dapat timbul dalam waktu beberapa jam pada penggunaan benzodiazepin jangka pendek. Hal ini ditunjukkan dengan terjadinya insomnia, ansietas, hilangnya nafsu makan dan turunnya berat badan, tremor, berkeringat, tinnitus, dan gangguan persepsi. Gejala-gejala ini mungkin sama dengan gejala umum penyakitnya sehingga penggunaan obat tetap dilanjutkan, beberapa gejala dapat berlanjut selama beberapa minggu atau beberapa bulan setelah penghentian benzodiazepin.<br></li><li>Benzodiazepin diindikasikan untuk terapi jangka pendek ansietas berat (hanya digunakan selama 2 atau 4 minggu), kondisi stres yang sangat mengganggu, kondisi ansietas saja atau yang terkait insomnia atau psikosomatik jangka pendek, penyakit psikotik atau penyakit yang dialami organ tubuh.<br></li><li>Benzodiazepin tidak cocok untuk terapi jangka pendek ansietas ringan</li><li>Benzodiazepin hanya digunakan untuk terapi insomnia berat, atau kondisi stres yang sangat mengganggu.</li></ul><b>Indikasi:&nbsp;</b><ul><li>pengobatan insomnia jangka pendek (hingga 4 minggu).</li></ul><b>Peringatan:&nbsp;</b><ul><li>Pengobatan gejala insomnia sebaiknya diawali dengan evaluasi terlebih dahulu terhadap pasien karena dapat menyebabkan gangguan tingkah laku dan berpikir; depresi SSP; tidak dianjurkan mengemudi atau menjalankan mesin selama pemakaian riwayat penyalahgunaan obat atau alkohol, gangguan fungsi hati (hindari jika parah), gangguan fungsi ginjal, lansia, hindari penggunaan jangka panjang (dan pemutusan obat secara mendadak).</li></ul><b>Kontraindikasi:&nbsp;</b><br> <ul><li>obstructive sleep apnoea, depresi pernapasan akut atau parah, miastenia gravis, gangguan fungsi hati yang parah, sakit psikosis, kehamilan, menyusui</li></ul><b>Efek Samping:&nbsp;</b><br><br> <ul><li>Diare, nausea, muntah, vertigo, pusing, sakit kepala, mengantuk, astenia, amnesia, ketergantungan, gangguan ingatan, mimpi buruk, noctural restlessness, depresi, bingung, gangguan persepsi atau diplopia, tremor, ataksia, reaksi kulit, mudah terjatuh, perubahan libido, efek paradoksikal- lihat Bab 4.1.</li></ul><br><br> <b>Dosis:&nbsp;</b><br><ul><li>Dosis zolpidem bersifat individual. Dosis yang direkomendasikan untuk dewasa: 10 mg segera sebelum tidur. Pada orang tua atau debilitated patients lebih sensitif terhadap efek zolpidem tartrat. Pada pasien dengan insufisiensi hepatik, bersihan obat tidak secepat pada orang normal. Dosis awal 5 mg dianjurkan untuk pasien tersebut. Dosis total zolpidem tidak melebihi 10 mg; penggunaan pada anak-anak tidak direkomendasikan. Penyesuaian dosis mungkin diperlukan ketika zolpidem tartrat diberikan dengan obat yang memiliki efek antidepresan karena efek additifnya yang kuat.<br></li></ul><b>List Nama Dagang<br></b>Untuk informasi nama produk terkini dapat melihat&nbsp;<a rel=\"nofollow\" target=\"_blank\" href=\"http://cekbpom.pom.go.id/\">cekbpom.pom.go.id</a><br><ul><li>Slepzol</li><ol><li>Produsen:&nbsp;Pharos Indonesia<br></li><li>Pendaftar:&nbsp;Pharos Indonesia</li><li>Bentuk Sediaan:&nbsp;Tablet salut selaput</li><li>Kekuatan: 10 mg</li><li>Golongan Obat:&nbsp;P</li></ol></ul><ul><li>Stilnox</li><ol><li>Pendaftar:&nbsp;Sanofi Aventis Indonesia<br></li><li>Bentuk Sediaan:&nbsp;Tablet salut selaput</li><li>Kekuatan: 10 mg</li><li>Golongan Obat:&nbsp;K</li></ol></ul><ul><li>Zolmia</li></ul><blockquote><ol><li>Produsen:&nbsp;Pratapa Nirmala<br></li><li>Pendaftar: Pratapa Nirmala</li><li>Bentuk Sediaan:&nbsp;<a rel=\"nofollow\" target=\"_blank\">Tablet salut selaput</a><br></li><li><a rel=\"nofollow\" target=\"_blank\"></a><a rel=\"nofollow\" target=\"_blank\"></a><a rel=\"nofollow\" target=\"_blank\">Kekuatan: 10 mg</a></li><li>Golongan Obat:&nbsp;K</li></ol></blockquote><ul><li>Zolta</li><ol><li>Bentuk Sediaan:&nbsp;Tablet salut selaput<br></li><li>Kekuatan: 10 mg<br></li><li>Golongan Obat:&nbsp;P</li></ol></ul><b>Informasi lebih lanjut:</b><br><ul><li><a rel=\"nofollow\" target=\"_blank\" href=\"http://pionas.pom.go.id/monografi/zolpidem-tartrat\">http://pionas.pom.go.id/monografi/zolpidem-tartrat</a></li><li><a rel=\"nofollow\" target=\"_blank\" href=\"http://pionas.pom.go.id/ioni/bab-4-sistem-saraf-pusat/41-hipnosis-dan-ansietas/411-hipnosis/zolpidem-dan-zopiklon\">http://pionas.pom.go.id/ioni/bab-4-sistem-saraf-pusat/41-hipnosis-dan-ansietas/411-hipnosis/zolpidem...</a></li><li><a rel=\"nofollow\" target=\"_blank\" href=\"http://pionas.pom.go.id/ioni/bab-4-sistem-saraf-pusat/41-hipnosis-dan-ansietas\">http://pionas.pom.go.id/ioni/bab-4-sistem-saraf-pusat/41-hipnosis-dan-ansietas</a></li></ul>');
INSERT INTO `catatan_obat` VALUES ('12', '19', '<ul><li>Antihistamin seperti difenhidramin diindikasikan untuk mengatasi insomnia yang terjadi sesekali. Durasi kerja yang panjang dapat menyebabkan kantuk di hari berikutnya. Efek sedatif antihistamin dapat berkurang setelah pengobatan berturut-turut selama beberapa hari. Antihistamin dapat menyebabkan sakit kepala, gangguan psikomotor dan efek antimuskarinik. Penggunaan antihistamin sebagai hipnotik pada anak biasanya tidak dibenarkan.</li></ul>');
INSERT INTO `catatan_obat` VALUES ('13', '20', '<ul><li>Alkohol merupakan hipnotik lemah karena efek diuretiknya mengganggu pada perioda akhir tidur.&nbsp;</li><li>Pada penggunaan kronik, alkohol mengganggu pola tidur dan menyebabkan insomnia.<br></li></ul><a rel=\"nofollow\" target=\"_blank\" href=\"http://asdasdas.asd\">boasdasd</a>');
INSERT INTO `catatan_obat` VALUES ('14', '21', '<ul><li>Alprazolam termasuk benzodiazepin yang diindikasikan untuk pengobatan jangka pendek pada ansietas berat tetapi penggunaan jangka panjang sebaiknya dihindari.</li><li>Alprazolam termasuk ansiolitik benzodiazepin, dimana ansiolitik benzodiazepin sendiri&nbsp;efektif dalam meredakan keadaan ansietas. Walaupun ansiolitik benzodiazepin&nbsp;sering diresepkan pada hampir semua orang dengan gejala terkait stres, ketidakbahagiaan (unhappiness), atau penyakit fisik minor (minor physical disease), penggunaannya dalam berbagai kondisi tidak dapat dibenarkan. Pada umumnya, ansiolitik benzodiazepin&nbsp;tidak tepat untuk mengatasi depresi atau psikosis kronik. Penyesuaian psikologis dapat dihambat oleh benzodiazepin. Pada anak, obat ansiolitik hanya digunakan untuk mengatasi ansietas akut (dan insomnia yang terkait) yang disebabkan oleh rasa takut (contoh: sebelum operasi).<br></li><li>Pengobatan ansiolitik sebaiknya dibatasi dengan pemberian dosis terkecil dengan masa pengobatan yang sesingkat mungkin. Ketergantungan pada umumnya terjadi pada pasien dengan riwayat penyalahgunaan alkohol atau penyalahgunaan obat dan pada pasien dengan gangguan kepribadian. Ansiolitik, khususnya benzodiazepin telah dikelompokkan menjadi ‘transquiliser minor’. Istilah ini menyesatkan karena ansiolitik jelas berbeda dengan obat antipsikotik (’transquiliser major’), selain itu manfaatnya juga tidak minor. Antipsikosis, pada dosis rendah, terkadang digunakan pada ansietas berat sebagai pemberi efek sedatifnya tetapi penggunaan jangka panjang sebaiknya dihindari dengan mengingat kemungkinan risiko&nbsp;tardive dyskinesia&nbsp;yang dapat timbul. Beberapa antidepresan disetujui untuk digunakan pada ansietas dan kelainan terkait. Penggunaan antihistamin untuk efek sedatifnya pada ansietas tidak dianjurkan digunakan.</li><li>Hipnotik dan ansiolitik dapat mempengaruhi kemampuan pengambilan keputusan dan memperlambat reaksi, sehingga berefek pada kemampuan mengemudi dan mengoperasikan mesin. Obat jenis ini meningkatkan efek alkohol. Lebih lanjut, efek&nbsp;hangover&nbsp;pada dosis malam dapat mempengaruhi kemampuan mengemudi pada hari berikutnya. Lihat juga pada Obat dan Mengemudi pada Pedoman Umum.<br></li><li>Alprazolam memiliki aksi kerja lambat.</li><li>Pada&nbsp;panic disorder&nbsp;(dengan atau tanpa agoraphobia) yang resisten terhadap pengobatan dengan antidepresan, benzodiazepin dapat digunakan sebagai terapi tambahan jangka pendek pada awal pengobatan dengan antidepresan untuk mencegah memburuknya gejala.</li><li>Penghentian penggunaan benzodiazepin sebaiknya secara bertahap karena penghentian yang tiba-tiba dapat mengakibatkan kebingungan, gangguan psikosis, kejang atau kondisi mirip&nbsp;delirium tremens. Penghentian barbiturat yang tiba-tiba, bahkan dapat mengakibatkan efek yang lebih serius. Sindroma gejala putus obat dapat timbul kapan saja hingga 3 minggu setelah penghentian benzodiazepin jangka panjang; dan dapat timbul dalam waktu beberapa jam pada penggunaan benzodiazepin jangka pendek. Hal ini ditunjukkan dengan terjadinya insomnia, ansietas, hilangnya nafsu makan dan turunnya berat badan, tremor, berkeringat, tinnitus, dan gangguan persepsi. Gejala-gejala ini mungkin sama dengan gejala umum penyakitnya sehingga penggunaan obat tetap dilanjutkan, beberapa gejala dapat berlanjut selama beberapa minggu atau beberapa bulan setelah penghentian benzodiazepin.<br></li><li>Kebanyakan ansiolitik (’sedatif’) akan menginduksi tidur jika diberikan malam hari, dan kebanyakan hipnotik akan menenangkan jika diberikan siang hari. Obat jenis ini diresepkan secara luas tetapi menyebabkan ketergantungan (baik fisik maupun psikologis) serta menimbulkan toleransi. Hal ini akan menimbulkan kesulitan dalam penghentian obat setelah pasien mengkonsumsi obat secara teratur selama lebih dari beberapa minggu (lihat pada ketergantungan dan penghentian obat di bawah). Oleh karena itu hipnotik dan ansiolitik hanya boleh diberikan pada pengobatan jangka pendek untuk meringankan kondisi akut setelah penyebab utamanya diketahui.<br></li><li>Benzodiazepin adalah ansiolitik dan hipnotik yang paling umum digunakan; obat jenis ini ini bekerja pada reseptor benzodiazepin yang berhubungan dengan reseptor asam gammaaminobutirat (GABA). Obat terdahulu seperti&nbsp;meprobamat&nbsp;dan&nbsp;barbiturat tidak direkomendasikan lagi, karena lebih banyak menimbulkan efek samping dan interaksi obat dibandingkan dengan benzodiazepin dan lebih berbahaya jika terjadi dosis berlebih.<br></li><li>Efek Paradoksikal&nbsp;meningkat pada keadaan terancam/ ada ancaman dan sifat agresi dilaporkan terjadi pada pasien yang mengkonsumsi benzodiazepin. efeknya bervariasi mulai dari meracau dan rasa gembira sampai sifat agresif dan melakukan tindakan anti sosial. Penyesuaian dosis (meningkat ataupun menurun) biasanya melemahkan impuls. Peningkatan ansietas dan gangguan persepsi merupakan efek paradoksikal lainnya. Meningkatnya rasa bermusuhan dan agresi setelah mengkonsumsi barbiturat dan alkohol biasanya mengindikasikan adanya intoksikasi.<br></li><li>Hipnotik dan ansiolitik dapat mempengaruhi kemampuan pengambilan keputusan dan memperlambat reaksi, sehingga berefek pada kemampuan mengemudi dan mengoperasikan mesin. Obat jenis ini meningkatkan efek alkohol. Lebih lanjut, efek&nbsp;hangover&nbsp;pada dosis malam dapat mempengaruhi kemampuan mengemudi pada hari berikutnya. Lihat juga pada Obat dan Mengemudi pada Pedoman Umum.</li><li>Benzodiazepin diindikasikan untuk terapi jangka pendek ansietas berat (hanya digunakan selama 2 atau 4 minggu), kondisi stres yang sangat mengganggu, kondisi ansietas saja atau yang terkait insomnia atau psikosomatik jangka pendek, penyakit psikotik atau penyakit yang dialami organ tubuh.</li><li>Benzodiazepin tidak cocok untuk terapi jangka pendek ansietas ringan</li><li>Benzodiazepin hanya digunakan untuk terapi insomnia berat, atau kondisi stres yang sangat mengganggu.</li></ul><b>Indikasi:&nbsp;</b><ul><li>Ansietas, campuran ansietas-depresi, dan gangguan panik (pemakaian jangka pendek).</li></ul><b>Kontraindikasi:&nbsp;</b><br><br> <ul><li>depresi pernapasan, gangguan hati berat, miastenia gravis, insufisiensi pulmoner akut, kondisi fobia dan obsesi, psikosis kronik, glaukoma sudut sempit akut, serangan asma akut, trimester pertama kehamilan, bayi prematur; tidak boleh digunakan sendirian pada depresi atau ansietas dengan depresi.</li></ul><br><br> <br> <b>Peringatan:&nbsp;</b><br> <ul><li>Dapat mengganggu kemampuan mengemudi atau mengoperasikan mesin, hamil, menyusui, bayi, lansia, penyakit hati dan ginjal, penyakit pernapasan, kelemahan otot, riwayat penyalahgunaan obat atau alkohol, kelainan kepribadian yang nyata, kurangi dosis pada lansia dan debil, hindari pemakaian jangka panjang, peringatan khusus untuk injeksi intravena, porfiria. Belum ada bukti manfaat untuk depresi karena psikosis, gangguan bipolar, atau “depresi endogen”. Dapat terjadi ketergantungan. Harus hati-hati meresepkan obat ini pada pasien yang mempunyai kecenderungan penyalahgunaan obat. Belum ada bukti manfaat untuk depresi karena psikosis, gangguan bipolar, atau “depresi endogen”. Dapat terjadi ketergantungan. Harus hati-hati meresepkan obat ini pada pasien yang mempunyai kecenderungan penyalahgunaan obat.</li></ul><b>Dosis:&nbsp;</b><br><br><br><br> <ul><li>Untuk ansietas: dosis dimulai dengan 0,75-1,5 mg sehari, diberikan dalam dosis terbagi. Untuk gangguan panik: 0,5-1 mg diberikan menjelang tidur atau 0,5 mg 3x sehari. Pada pasien usia lanjut: 0,5 sampai 0,75 mg sehari diberikan dalam dosis terbagi. Anak tidak direkomendasikan.<br></li></ul><b>Informasi lebih lanjut</b><br><ul><li><a rel=\"nofollow\" target=\"_blank\" href=\"http://pionas.pom.go.id/monografi/alprazolam-0\">http://pionas.pom.go.id/monografi/alprazolam-0</a></li><li><a rel=\"nofollow\" target=\"_blank\" href=\"http://pionas.pom.go.id/ioni/bab-4-sistem-saraf-pusat/41-hipnosis-dan-ansietas/412-ansietas/benzodiazepin\">http://pionas.pom.go.id/ioni/bab-4-sistem-saraf-pusat/41-hipnosis-dan-ansietas/412-ansietas/benzodia...</a></li><li><a rel=\"nofollow\" target=\"_blank\" href=\"http://pionas.pom.go.id/ioni/bab-4-sistem-saraf-pusat/41-hipnosis-dan-ansietas/412-ansietas\">http://pionas.pom.go.id/ioni/bab-4-sistem-saraf-pusat/41-hipnosis-dan-ansietas/412-ansietas</a></li><li><a rel=\"nofollow\" target=\"_blank\" href=\"http://pionas.pom.go.id/ioni/bab-4-sistem-saraf-pusat/41-hipnosis-dan-ansietas\">http://pionas.pom.go.id/ioni/bab-4-sistem-saraf-pusat/41-hipnosis-dan-ansietas</a></li></ul><br>');
INSERT INTO `catatan_obat` VALUES ('15', '22', '<ul><li>Diazepam termasuk Benzodiazepin yang diindikasikan untuk pengobatan jangka pendek pada ansietas berat tetapi penggunaan jangka panjang sebaiknya dihindari.&nbsp;</li><li>Diazepam memiliki aksi kerja lambat.&nbsp;</li><li>Pada&nbsp;panic disorder&nbsp;(dengan atau tanpa agoraphobia) yang resisten terhadap pengobatan dengan antidepresan, benzodiazepin dapat digunakan sebagai terapi tambahan jangka pendek pada awal pengobatan dengan antidepresan untuk mencegah memburuknya gejala.</li><li>Diazepam sangat jarang digunakan secara intravena untuk mengontrol serangan panik. Cara pemberian ini memang tercepat tetapi bukan tanpa risiko dan hanya boleh digunakan jika alternatif lain telah gagal. Pemberian secara intramuskular tidak memberikan efek yang lebih baik dibandingkan dengan pemberian secara oral.</li><li>Diazepam termasuk ansiolitik benzodiazepin, dimana ansiolitik benzodiazepin sendiri&nbsp;efektif dalam meredakan keadaan ansietas. Walaupun ansiolitik benzodiazepin&nbsp;sering diresepkan pada hampir semua orang dengan gejala terkait stres, ketidakbahagiaan (unhappiness), atau penyakit fisik minor (minor physical disease), penggunaannya dalam berbagai kondisi tidak dapat dibenarkan. Pada umumnya, ansiolitik benzodiazepin&nbsp;tidak tepat untuk mengatasi depresi atau psikosis kronik. Penyesuaian psikologis dapat dihambat oleh benzodiazepin. Pada anak, obat ansiolitik hanya digunakan untuk mengatasi ansietas akut (dan insomnia yang terkait) yang disebabkan oleh rasa takut (contoh: sebelum operasi).<br></li><li>Pengobatan ansiolitik sebaiknya dibatasi dengan pemberian dosis terkecil dengan masa pengobatan yang sesingkat mungkin. Ketergantungan pada umumnya terjadi pada pasien dengan riwayat penyalahgunaan alkohol atau penyalahgunaan obat dan pada pasien dengan gangguan kepribadian. Ansiolitik, khususnya benzodiazepin telah dikelompokkan menjadi ‘transquiliser minor’. Istilah ini menyesatkan karena ansiolitik jelas berbeda dengan obat antipsikotik (’transquiliser major’), selain itu manfaatnya juga tidak minor. Antipsikosis, pada dosis rendah, terkadang digunakan pada ansietas berat sebagai pemberi efek sedatifnya tetapi penggunaan jangka panjang sebaiknya dihindari dengan mengingat kemungkinan risiko&nbsp;tardive dyskinesia&nbsp;yang dapat timbul. Beberapa antidepresan disetujui untuk digunakan pada ansietas dan kelainan terkait. Penggunaan antihistamin untuk efek sedatifnya pada ansietas tidak dianjurkan digunakan.<br></li><li>Kebanyakan ansiolitik (’sedatif’) akan menginduksi tidur jika diberikan malam hari, dan kebanyakan hipnotik akan menenangkan jika diberikan siang hari. Obat jenis ini diresepkan secara luas tetapi menyebabkan ketergantungan (baik fisik maupun psikologis) serta menimbulkan toleransi. Hal ini akan menimbulkan kesulitan dalam penghentian obat setelah pasien mengkonsumsi obat secara teratur selama lebih dari beberapa minggu (lihat pada ketergantungan dan penghentian obat di bawah). Oleh karena itu hipnotik dan ansiolitik hanya boleh diberikan pada pengobatan jangka pendek untuk meringankan kondisi akut setelah penyebab utamanya diketahui.<br></li><li>Benzodiazepin adalah ansiolitik dan hipnotik yang paling umum digunakan; obat jenis ini bekerja pada reseptor benzodiazepin yang berhubungan dengan reseptor asam gammaaminobutirat (GABA). Obat terdahulu seperti&nbsp;meprobamat&nbsp;dan&nbsp;barbiturat&nbsp;tidak direkomendasikan lagi, karena lebih banyak menimbulkan efek samping dan interaksi obat dibandingkan dengan benzodiazepin dan lebih berbahaya jika terjadi dosis berlebih.<br></li><li>Efek Paradoksikal&nbsp;meningkat pada keadaan terancam/ ada ancaman dan sifat agresi dilaporkan terjadi pada pasien yang mengkonsumsi benzodiazepin. efeknya bervariasi mulai dari meracau dan rasa gembira sampai sifat agresif dan melakukan tindakan anti sosial. Penyesuaian dosis (meningkat ataupun menurun) biasanya melemahkan impuls. Peningkatan ansietas dan gangguan persepsi merupakan efek paradoksikal lainnya. Meningkatnya rasa bermusuhan dan agresi setelah mengkonsumsi barbiturat dan alkohol biasanya mengindikasikan adanya intoksikasi.<br></li><li>Hipnotik dan ansiolitik dapat mempengaruhi kemampuan pengambilan keputusan dan memperlambat reaksi, sehingga berefek pada kemampuan mengemudi dan mengoperasikan mesin. Obat jenis ini meningkatkan efek alkohol. Lebih lanjut, efek&nbsp;hangover&nbsp;pada dosis malam dapat mempengaruhi kemampuan mengemudi pada hari berikutnya. Lihat juga pada Obat dan Mengemudi pada Pedoman Umum.<br></li><li>Benzodiazepin diindikasikan untuk terapi jangka pendek ansietas berat (hanya digunakan selama 2 atau 4 minggu), kondisi stres yang sangat mengganggu, kondisi ansietas saja atau yang terkait insomnia atau psikosomatik jangka pendek, penyakit psikotik atau penyakit yang dialami organ tubuh.<br></li><li>Benzodiazepin tidak cocok untuk terapi jangka pendek ansietas ringan</li><li>Benzodiazepin hanya digunakan untuk terapi insomnia berat, atau kondisi stres yang sangat mengganggu.</li></ul><b><br>Indikasi:&nbsp;</b><br><ul><li>Pemakaian jangka pendek pada ansietas atau insomnia, tambahan pada putus alkohol akut, status epileptikus, kejang demam, spasme otot.</li></ul><br><br> <b>Peringatan:&nbsp;</b><br> <ul><li>Dapat mengganggu kemampuan mengemudi atau mengoperasikan mesin, hamil, menyusui, bayi, lansia, penyakit hati dan ginjal, penyakit pernapasan, kelemahan otot, riwayat penyalahgunaan obat atau alkohol, kelainan kepribadian yang nyata, kurangi dosis pada lansia dan debil, hindari pemakaian jangka panjang, peringatan khusus untuk injeksi intravena, porfiria.</li></ul><br><br> <b>Kontraindikasi:&nbsp;</b><br> <ul><li>depresi pernapasan, gangguan hati berat, miastenia gravis, insufisiensi pulmoner akut, kondisi fobia dan obsesi, psikosis kronik, glaukoma sudut sempit akut, serangan asma akut, trimester pertama kehamilan, bayi prematur; tidak boleh digunakan sendirian pada depresi atau ansietas dengan depresi.</li></ul><br><br> <b>Efek Samping:&nbsp;</b><br> <ul><li>mengantuk, kelemahan otot, ataksia, reaksi paradoksikal dalam agresi, gangguan mental, amnesia, ketergantungan, depresi pernapasan, kepala terasa ringan hari berikutnya, bingung. Kadang-kadang terjadi: nyeri kepala, vertigo, hipotensi, perubahan salivasi, gangguan saluran cerna, ruam, gangguan penglihatan, perubahan libido, retensi urin, dilaporkan juga kelainan darah dan sakit kuning, pada injeksi intravena terjadi: nyeri, tromboflebitis dan jarang apneu atau hipotensi.</li></ul><br><br> <b>Dosis:&nbsp;</b><br> <ul><li>oral:&nbsp;ansietas 2 mg 3 kali/hari, dinaikkan bila perlu sampai 15-30 mg/hari dalam dosis terbagi. Untuk LANSIA atau debil dosis setengahnya. Insomnia yang disertai ansietas 5-15 mg sebelum tidur.&nbsp;Injeksi intramuskular&nbsp;atauinjeksi intravena&nbsp;lambat (kedalam vena yang besar dengan kecepatan tidak lebih dari 5 mg/menit) untuk ansietas akut berat, pengendalian serangan panik akut, dan putus alkohol akut: 10 mg diulangi bila perlu setelah tidak kurang dari 4 jam.&nbsp;Infus intravena&nbsp;lihat 4.8.1. Dengan melalui&nbsp;Rektal&nbsp;sebagai larutan untuk ansietas akut dan agitasi: 10 mg (lansia 5 mg) diulang setelah lima menit bila perlu. Untuk ansietas apabila pemberian oral tidak dapat dilakukan obat diberikan melalui rektum sebagai supositoria: 10-30 mg (dosis lebih tinggi terbagi).</li></ul><b>List Nama Dagang</b>Untuk informasi nama produk terkini dapat melihat&nbsp;<a rel=\"nofollow\" target=\"_blank\" href=\"http://cekbpom.pom.go.id/\">cekbpom.pom.go.id</a><br> <ul><li>Arrow-Diazepam<br></li><li>Prozepam</li><li>Arrow-Diazepam</li><li>Cetalgin</li><li>Danalgin</li><li>Stesolid</li><li>Decazepam</li><li>Diazepam</li><li>Stesolid Rectal Tube</li><li>Hedix</li><li>Trazep</li><li>Mentalium</li><li>Metaneuron</li><li>Valdimex</li><li>Neo Protal</li><li>Neurindo</li><li>Neurodial</li><li>Neuropyron</li><li>Valide</li><li>Valisanbe</li><li>Neuroval</li><li>Nozepav</li><li>Opineuron</li><li>Valium</li><li>Panstop-T</li><li>Valium</li><li>Potensik</li><li>Vodin</li><li>Proneuron</li><li>Prozepam</li></ul><b><br>Informasi lebih lanjut:<br></b><ul><li><a rel=\"nofollow\" target=\"_blank\" href=\"http://pionas.pom.go.id/monografi/diazepam\">http://pionas.pom.go.id/monografi/diazepam</a></li><li><a rel=\"nofollow\" target=\"_blank\" href=\"http://pionas.pom.go.id/ioni/bab-4-sistem-saraf-pusat/41-hipnosis-dan-ansietas/412-ansietas/benzodiazepin\">http://pionas.pom.go.id/ioni/bab-4-sistem-saraf-pusat/41-hipnosis-dan-ansietas/412-ansietas/benzodia...</a></li><li><a rel=\"nofollow\" target=\"_blank\" href=\"http://pionas.pom.go.id/ioni/bab-4-sistem-saraf-pusat/41-hipnosis-dan-ansietas/412-ansietas\">http://pionas.pom.go.id/ioni/bab-4-sistem-saraf-pusat/41-hipnosis-dan-ansietas/412-ansietas</a></li><li><a rel=\"nofollow\" target=\"_blank\" href=\"http://pionas.pom.go.id/ioni/bab-4-sistem-saraf-pusat/41-hipnosis-dan-ansietas\">http://pionas.pom.go.id/ioni/bab-4-sistem-saraf-pusat/41-hipnosis-dan-ansietas</a></li></ul><br>');
INSERT INTO `catatan_obat` VALUES ('16', '24', '<ul><li>Bromazepam termasuk Benzodiazepin yang&nbsp;diindikasikan untuk pengobatan jangka pendek pada ansietas berat tetapi penggunaan jangka panjang sebaiknya dihindari.&nbsp;Pada&nbsp;panic disorder&nbsp;(dengan atau tanpa agoraphobia) yang resisten terhadap pengobatan dengan antidepresan, benzodiazepin dapat digunakan sebagai terapi tambahan jangka pendek pada awal pengobatan dengan antidepresan untuk mencegah memburuknya gejala.</li><li>Bromazepam termasuk ansiolitik benzodiazepin, dimana ansiolitik benzodiazepin sendiri&nbsp;efektif dalam meredakan keadaan ansietas. Walaupun ansiolitik benzodiazepin&nbsp;sering diresepkan pada hampir semua orang dengan gejala terkait stres, ketidakbahagiaan (unhappiness), atau penyakit fisik minor (minor physical disease), penggunaannya dalam berbagai kondisi tidak dapat dibenarkan. Pada umumnya, ansiolitik benzodiazepin&nbsp;tidak tepat untuk mengatasi depresi atau psikosis kronik. Penyesuaian psikologis dapat dihambat oleh benzodiazepin. Pada anak, obat ansiolitik hanya digunakan untuk mengatasi ansietas akut (dan insomnia yang terkait) yang disebabkan oleh rasa takut (contoh: sebelum operasi).<br></li><li>Hipnotik dan ansiolitik dapat mempengaruhi kemampuan pengambilan keputusan dan memperlambat reaksi, sehingga berefek pada kemampuan mengemudi dan mengoperasikan mesin. Obat jenis ini meningkatkan efek alkohol. Lebih lanjut, efek&nbsp;hangover&nbsp;pada dosis malam dapat mempengaruhi kemampuan mengemudi pada hari berikutnya. Lihat juga pada Obat dan Mengemudi pada Pedoman Umum.<br></li><li>Pengobatan ansiolitik sebaiknya dibatasi dengan pemberian dosis terkecil dengan masa pengobatan yang sesingkat mungkin. Ketergantungan pada umumnya terjadi pada pasien dengan riwayat penyalahgunaan alkohol atau penyalahgunaan obat dan pada pasien dengan gangguan kepribadian. Ansiolitik, khususnya benzodiazepin telah dikelompokkan menjadi ‘transquiliser minor’. Istilah ini menyesatkan karena ansiolitik jelas berbeda dengan obat antipsikotik (’transquiliser major’), selain itu manfaatnya juga tidak minor. Antipsikosis, pada dosis rendah, terkadang digunakan pada ansietas berat sebagai pemberi efek sedatifnya tetapi penggunaan jangka panjang sebaiknya dihindari dengan mengingat kemungkinan risiko&nbsp;tardive dyskinesia&nbsp;yang dapat timbul.<br></li><li>Kebanyakan ansiolitik (’sedatif’) akan menginduksi tidur jika diberikan malam hari, dan kebanyakan hipnotik akan menenangkan jika diberikan siang hari. Obat jenis&nbsp;ini diresepkan secara luas tetapi menyebabkan ketergantungan (baik fisik maupun psikologis) serta menimbulkan toleransi. Hal ini akan menimbulkan kesulitan dalam penghentian obat setelah pasien mengkonsumsi obat secara teratur selama lebih dari beberapa minggu (lihat pada ketergantungan dan penghentian obat di bawah). Oleh karena itu hipnotik dan ansiolitik hanya boleh diberikan pada pengobatan jangka pendek untuk meringankan kondisi akut setelah penyebab utamanya diketahui.<br></li><li>Benzodiazepin adalah ansiolitik dan hipnotik yang paling umum digunakan; obat ini bekerja pada reseptor benzodiazepin yang berhubungan dengan reseptor asam gammaaminobutirat (GABA). Obat terdahulu seperti&nbsp;meprobamat&nbsp;dan&nbsp;barbiturat&nbsp;tidak direkomendasikan lagi, karena lebih banyak menimbulkan efek samping dan interaksi obat dibandingkan dengan benzodiazepin dan lebih berbahaya jika terjadi dosis berlebih.<br></li><li>Efek Paradoksikal&nbsp;meningkat pada keadaan terancam/ ada ancaman dan sifat agresi dilaporkan terjadi pada pasien yang mengkonsumsi benzodiazepin. efeknya bervariasi mulai dari meracau dan rasa gembira sampai sifat agresif dan melakukan tindakan anti sosial. Penyesuaian dosis (meningkat ataupun menurun) biasanya melemahkan impuls. Peningkatan ansietas dan gangguan persepsi merupakan efek paradoksikal lainnya. Meningkatnya rasa bermusuhan dan agresi setelah mengkonsumsi barbiturat dan alkohol biasanya mengindikasikan adanya intoksikasi.<br></li><li>Hipnotik dan ansiolitik dapat mempengaruhi kemampuan pengambilan keputusan dan memperlambat reaksi, sehingga berefek pada kemampuan mengemudi dan mengoperasikan mesin. Obat ini meningkatkan efek alkohol. Lebih lanjut, efek&nbsp;hangover&nbsp;pada dosis malam dapat mempengaruhi kemampuan mengemudi pada hari berikutnya. Lihat juga pada Obat dan Mengemudi pada Pedoman Umum.<br></li><li>Penghentian penggunaan benzodiazepin sebaiknya secara bertahap karena penghentian yang tiba-tiba dapat mengakibatkan kebingungan, gangguan psikosis, kejang atau kondisi mirip&nbsp;delirium tremens. Penghentian barbiturat yang tiba-tiba (bab 4.1.3) bahkan dapat mengakibatkan efek yang lebih serius. Sindroma gejala putus obat dapat timbul kapan saja hingga 3 minggu setelah penghentian benzodiazepin jangka panjang; dan dapat timbul dalam waktu beberapa jam pada penggunaan benzodiazepin jangka pendek. Hal ini ditunjukkan dengan terjadinya insomnia, ansietas, hilangnya nafsu makan dan turunnya berat badan, tremor, berkeringat, tinnitus, dan gangguan persepsi. Gejala-gejala ini mungkin sama dengan gejala umum penyakitnya sehingga penggunaan obat tetap dilanjutkan, beberapa gejala dapat berlanjut selama beberapa minggu atau beberapa bulan setelah penghentian benzodiazepin.<br></li><li>Benzodiazepin diindikasikan untuk terapi jangka pendek ansietas berat (hanya digunakan selama 2 atau 4 minggu), kondisi stres yang sangat mengganggu, kondisi ansietas saja atau yang terkait insomnia atau psikosomatik jangka pendek, penyakit psikotik atau penyakit yang dialami organ tubuh.<br></li><li>Benzodiazepin tidak cocok untuk terapi jangka pendek ansietas ringan</li><li>Benzodiazepin hanya digunakan untuk terapi insomnia berat, atau kondisi stres yang sangat mengganggu.</li></ul><b>Indikasi:&nbsp;</b><br><ul><li>ansietas (penggunaan jangka pendek).</li></ul><br><br> <b>Peringatan:&nbsp;</b><br> <ul><li>Dapat mengganggu kemampuan mengemudi atau mengoperasikan mesin, hamil, menyusui, bayi, lansia, penyakit hati dan ginjal, penyakit pernapasan, kelemahan otot, riwayat penyalahgunaan obat atau alkohol, kelainan kepribadian yang nyata, kurangi dosis pada lansia dan debil, hindari pemakaian jangka panjang, peringatan khusus untuk injeksi intravena, porfiria.</li></ul><br><br> <b>Kontraindikasi:&nbsp;</b><br><br><br> <ul><li>depresi pernapasan, gangguan hati berat, miastenia gravis, insufisiensi pulmoner akut, kondisi fobia dan obsesi, psikosis kronik, glaukoma sudut sempit akut, serangan asma akut, trimester pertama kehamilan, bayi prematur; tidak boleh digunakan sendirian pada depresi atau ansietas dengan depresi.</li></ul><br><br> <b>Efek Samping:&nbsp;</b><br> <ul><li>mengantuk, kelemahan otot, ataksia, reaksi paradoksikal dalam agresi, gangguan mental, amnesia, ketergantungan, depresi pernapasan, kepala terasa ringan hari berikutnya, bingung. Kadang-kadang terjadi: nyeri kepala, vertigo, hipotensi, perubahan salivasi, gangguan saluran cerna, ruam, gangguan penglihatan, perubahan libido, retensi urin, dilaporkan juga kelainan darah dan sakit kuning, pada injeksi intravena terjadi: nyeri, tromboflebitis dan jarang apneu atau hipotensi.</li></ul><br><br> <b>Dosis:&nbsp;</b><br> <ul><li>3-18 mg/hari, dosis terbagi. LANSIA atau debil dosis setengah dosis dewasa, Maksimal 60 mg/hari dosis terbagi (kecuali pada pasien rawat inap).</li></ul><br><b>List nama dagang :</b><br>Untuk informasi nama produk terkini dapat melihat&nbsp;<a rel=\"nofollow\" target=\"_blank\" href=\"http://cekbpom.pom.go.id/\">cekbpom.pom.go.id</a><br> <ul><li>Lexotan<br></li><li>Lexzepam<br></li></ul><b><br>Informasi lebih lanjut:</b><br><ul><li><a rel=\"nofollow\" target=\"_blank\" href=\"http://pionas.pom.go.id/monografi/bromazepam\">http://pionas.pom.go.id/monografi/bromazepam</a></li><li><a rel=\"nofollow\" target=\"_blank\" href=\"http://pionas.pom.go.id/ioni/bab-4-sistem-saraf-pusat/41-hipnosis-dan-ansietas/412-ansietas/benzodiazepin\">http://pionas.pom.go.id/ioni/bab-4-sistem-saraf-pusat/41-hipnosis-dan-ansietas/412-ansietas/benzodia...</a></li><li><a rel=\"nofollow\" target=\"_blank\" href=\"http://pionas.pom.go.id/ioni/bab-4-sistem-saraf-pusat/41-hipnosis-dan-ansietas/412-ansietas\">http://pionas.pom.go.id/ioni/bab-4-sistem-saraf-pusat/41-hipnosis-dan-ansietas/412-ansietas</a></li><li><a rel=\"nofollow\" target=\"_blank\" href=\"http://pionas.pom.go.id/ioni/bab-4-sistem-saraf-pusat/41-hipnosis-dan-ansietas\">http://pionas.pom.go.id/ioni/bab-4-sistem-saraf-pusat/41-hipnosis-dan-ansietas</a></li></ul>');
INSERT INTO `catatan_obat` VALUES ('17', '26', '<ul><li>Kalium klorazepat termasuk Benzodiazepin yang diindikasikan untuk pengobatan jangka pendek pada ansietas berat tetapi penggunaan jangka panjang sebaiknya dihindari.&nbsp;</li><li>Pada&nbsp;panic disorder&nbsp;(dengan atau tanpa agoraphobia) yang resisten terhadap pengobatan dengan antidepresan, benzodiazepin dapat digunakan sebagai terapi tambahan jangka pendek pada awal pengobatan dengan antidepresan untuk mencegah memburuknya gejala.</li><li>Kalium kloraepat termasuk ansiolitik benzodiazepin, dimana&nbsp;ansolitik benzodiazepin sendiri&nbsp;efektif dalam meredakan keadaan ansietas. Walaupun ansolitik benzodiazepin&nbsp;sering diresepkan pada hampir semua orang dengan gejala terkait stres, ketidakbahagiaan (unhappiness), atau penyakit fisik minor (minor physical disease), penggunaannya dalam berbagai kondisi tidak dapat dibenarkan. Pada umumnya, ansiolitik benzodiazepin&nbsp;tidak tepat untuk mengatasi depresi atau psikosis kronik. Penyesuaian psikologis dapat dihambat oleh benzodiazepin. Pada anak, obat ansiolitik hanya digunakan untuk mengatasi ansietas akut (dan insomnia yang terkait) yang disebabkan oleh rasa takut (contoh: sebelum operasi).<br></li><li>Pengobatan ansiolitik sebaiknya dibatasi dengan pemberian dosis terkecil dengan masa pengobatan yang sesingkat mungkin. Ketergantungan pada umumnya terjadi pada pasien dengan riwayat penyalahgunaan alkohol atau penyalahgunaan obat dan pada pasien dengan gangguan kepribadian. Ansiolitik, khususnya benzodiazepin telah dikelompokkan menjadi ‘transquiliser minor’. Istilah ini menyesatkan karena ansiolitik jelas berbeda dengan obat antipsikotik (’transquiliser major’), selain itu manfaatnya juga tidak minor. Antipsikosis, pada dosis rendah, terkadang digunakan pada ansietas berat sebagai pemberi efek sedatifnya tetapi penggunaan jangka panjang sebaiknya dihindari dengan mengingat kemungkinan risiko&nbsp;tardive dyskinesia&nbsp;yang dapat timbul. Beberapa antidepresan disetujui untuk digunakan pada ansietas dan kelainan terkait. Penggunaan antihistamin untuk efek sedatifnya pada ansietas tidak dianjurkan digunakan.<br></li><li>Kebanyakan ansiolitik (’sedatif’) akan menginduksi tidur jika diberikan malam hari, dan kebanyakan hipnotik akan menenangkan jika diberikan siang hari. Obat jenis ini diresepkan secara luas tetapi menyebabkan ketergantungan (baik fisik maupun psikologis) serta menimbulkan toleransi. Hal ini akan menimbulkan kesulitan dalam penghentian obat setelah pasien mengkonsumsi obat secara teratur selama lebih dari beberapa minggu (lihat pada ketergantungan dan penghentian obat di bawah). Oleh karena itu hipnotik dan ansiolitik hanya boleh diberikan pada pengobatan jangka pendek untuk meringankan kondisi akut setelah penyebab utamanya diketahui.<br></li><li>Benzodiazepin adalah ansiolitik dan hipnotik yang paling umum digunakan; obat jenis ini bekerja pada reseptor benzodiazepin yang berhubungan dengan reseptor asam gammaaminobutirat (GABA). Obat terdahulu seperti&nbsp;meprobamat&nbsp;dan&nbsp;barbiturat&nbsp;tidak direkomendasikan lagi, karena lebih banyak menimbulkan efek samping dan interaksi obat dibandingkan dengan benzodiazepin dan lebih berbahaya jika terjadi dosis berlebih.<br></li><li>Efek Paradoksikal&nbsp;meningkat pada keadaan terancam/ ada ancaman dan sifat agresi dilaporkan terjadi pada pasien yang mengkonsumsi benzodiazepin. efeknya bervariasi mulai dari meracau dan rasa gembira sampai sifat agresif dan melakukan tindakan anti sosial. Penyesuaian dosis (meningkat ataupun menurun) biasanya melemahkan impuls. Peningkatan ansietas dan gangguan persepsi merupakan efek paradoksikal lainnya. Meningkatnya rasa bermusuhan dan agresi setelah mengkonsumsi barbiturat dan alkohol biasanya mengindikasikan adanya intoksikasi.<br></li><li>Hipnotik dan ansiolitik dapat mempengaruhi kemampuan pengambilan keputusan dan memperlambat reaksi, sehingga berefek pada kemampuan mengemudi dan mengoperasikan mesin. Obat jenis ini meningkatkan efek alkohol. Lebih lanjut, efek&nbsp;hangover&nbsp;pada dosis malam dapat mempengaruhi kemampuan mengemudi pada hari berikutnya. Lihat juga pada Obat dan Mengemudi pada Pedoman Umum.<br></li><li>Benzodiazepin diindikasikan untuk terapi jangka pendek ansietas berat (hanya digunakan selama 2 atau 4 minggu), kondisi stres yang sangat mengganggu, kondisi ansietas saja atau yang terkait insomnia atau psikosomatik jangka pendek, penyakit psikotik atau penyakit yang dialami organ tubuh.<br></li><li>Benzodiazepin tidak cocok untuk terapi jangka pendek ansietas ringan</li><li>Benzodiazepin hanya digunakan untuk terapi insomnia berat, atau kondisi stres yang sangat mengganggu.</li></ul><b>Indikasi:&nbsp;</b><br><ul><li>ansietas (penggunaan jangka pendek).</li></ul><b>Peringatan:&nbsp;</b><br><ul><li>Dapat mengganggu kemampuan mengemudi atau mengoperasikan mesin, hamil, menyusui, bayi, lansia, penyakit hati dan ginjal, penyakit pernapasan, kelemahan otot, riwayat penyalahgunaan obat atau alkohol, kelainan kepribadian yang nyata, kurangi dosis pada lansia dan debil, hindari pemakaian jangka panjang, peringatan khusus untuk injeksi intravena, porfiria.<br><br></li></ul><b>Kontraindikasi:&nbsp;<br></b><br> <ul><li>depresi pernapasan, gangguan hati berat, miastenia gravis, insufisiensi pulmoner akut, kondisi fobia dan obsesi, psikosis kronik, glaukoma sudut sempit akut, serangan asma akut, trimester pertama kehamilan, bayi prematur; tidak boleh digunakan sendirian pada depresi atau ansietas dengan depresi.</li></ul><b>Efek Samping:&nbsp;</b><br> <ul><li>mengantuk, kelemahan otot, ataksia, reaksi paradoksikal dalam agresi, gangguan mental, amnesia, ketergantungan, depresi pernapasan, kepala terasa ringan hari berikutnya, bingung. Kadang-kadang terjadi: nyeri kepala, vertigo, hipotensi, perubahan salivasi, gangguan saluran cerna, ruam, gangguan penglihatan, perubahan libido, retensi urin, dilaporkan juga kelainan darah dan sakit kuning, pada injeksi intravena terjadi: nyeri, tromboflebitis dan jarang apneu atau hipotensi.</li></ul><br> <b>Dosis:&nbsp;</b><br> <ul><li>7,5-22,5 mg/hari dalam dosis terbagi 2-3 kali atau dosis tunggal 15 mg sebelum tidur. LANSIA atau debil setengah dosis dewasa. ANAK tidak dianjurkan.<br></li></ul><b>Informasi lebih lanjut:</b><br><ul><li><a rel=\"nofollow\" target=\"_blank\" href=\"http://pionas.pom.go.id/monografi/kalium-klorazepat\">http://pionas.pom.go.id/monografi/kalium-klorazepat</a></li><li><a rel=\"nofollow\" target=\"_blank\" href=\"http://pionas.pom.go.id/ioni/bab-4-sistem-saraf-pusat/41-hipnosis-dan-ansietas/412-ansietas/benzodiazepin\">http://pionas.pom.go.id/ioni/bab-4-sistem-saraf-pusat/41-hipnosis-dan-ansietas/412-ansietas/benzodia...</a></li><li><a rel=\"nofollow\" target=\"_blank\" href=\"http://pionas.pom.go.id/ioni/bab-4-sistem-saraf-pusat/41-hipnosis-dan-ansietas/412-ansietas\">http://pionas.pom.go.id/ioni/bab-4-sistem-saraf-pusat/41-hipnosis-dan-ansietas/412-ansietas</a></li><li><a rel=\"nofollow\" target=\"_blank\" href=\"http://pionas.pom.go.id/ioni/bab-4-sistem-saraf-pusat/41-hipnosis-dan-ansietas\">http://pionas.pom.go.id/ioni/bab-4-sistem-saraf-pusat/41-hipnosis-dan-ansietas</a></li></ul>');
INSERT INTO `catatan_obat` VALUES ('18', '27', '<ul><li>Klobazam termasuk Benzodiazepin yang diindikasikan untuk pengobatan jangka pendek pada ansietas berat tetapi penggunaan jangka panjang sebaiknya dihindari.</li><li>Klobazam memiliki aksi kerja lambat.<br></li><li>Klobazam termasuk ansiolitik benzodiazepin, dimana ansiolitik benzodiazepin sendiri&nbsp;efektif dalam meredakan keadaan ansietas. Walaupun ansiolitik benzodiazepin&nbsp;sering diresepkan pada hampir semua orang dengan gejala terkait stres, ketidakbahagiaan (unhappiness), atau penyakit fisik minor (minor physical disease), penggunaannya dalam berbagai kondisi tidak dapat dibenarkan. Pada umumnya, ansiolitik benzodiazepin&nbsp;tidak tepat untuk mengatasi depresi atau psikosis kronik. Penyesuaian psikologis dapat dihambat oleh benzodiazepin. Pada anak, obat ansiolitik hanya digunakan untuk mengatasi ansietas akut (dan insomnia yang terkait) yang disebabkan oleh rasa takut (contoh: sebelum operasi).<br></li><li>Pengobatan ansiolitik sebaiknya dibatasi dengan pemberian dosis terkecil dengan masa pengobatan yang sesingkat mungkin. Ketergantungan pada umumnya terjadi pada pasien dengan riwayat penyalahgunaan alkohol atau penyalahgunaan obat dan pada pasien dengan gangguan kepribadian. Ansiolitik, khususnya benzodiazepin telah dikelompokkan menjadi ‘transquiliser minor’. Istilah ini menyesatkan karena ansiolitik jelas berbeda dengan obat antipsikotik (’transquiliser major’), selain itu manfaatnya juga tidak minor. Antipsikosis, pada dosis rendah, terkadang digunakan pada ansietas berat sebagai pemberi efek sedatifnya tetapi penggunaan jangka panjang sebaiknya dihindari dengan mengingat kemungkinan risiko&nbsp;tardive dyskinesia&nbsp;yang dapat timbul. Beberapa antidepresan disetujui untuk digunakan pada ansietas dan kelainan terkait. Penggunaan antihistamin untuk efek sedatifnya pada ansietas tidak dianjurkan digunakan.</li><li>Hipnotik dan ansiolitik dapat mempengaruhi kemampuan pengambilan keputusan dan memperlambat reaksi, sehingga berefek pada kemampuan mengemudi dan mengoperasikan mesin. Obat jenis ini meningkatkan efek alkohol. Lebih lanjut, efek&nbsp;hangover&nbsp;pada dosis malam dapat mempengaruhi kemampuan mengemudi pada hari berikutnya. Lihat juga pada Obat dan Mengemudi pada Pedoman Umum.</li><li>Pada&nbsp;panic disorder&nbsp;(dengan atau tanpa agoraphobia) yang resisten terhadap pengobatan dengan antidepresan, benzodiazepin dapat digunakan sebagai terapi tambahan jangka pendek pada awal pengobatan dengan antidepresan untuk mencegah memburuknya gejala.</li><li>Pada&nbsp;panic disorder&nbsp;(dengan atau tanpa agoraphobia) yang resisten terhadap pengobatan dengan antidepresan, benzodiazepin dapat digunakan sebagai terapi tambahan jangka pendek pada awal pengobatan dengan antidepresan untuk mencegah memburuknya gejala.</li><li>Penghentian penggunaan benzodiazepin sebaiknya secara bertahap karena penghentian yang tiba-tiba dapat mengakibatkan kebingungan, gangguan psikosis, kejang atau kondisi mirip&nbsp;delirium tremens. Penghentian barbiturat yang tiba-tiba, bahkan dapat mengakibatkan efek yang lebih serius. Sindroma gejala putus obat dapat timbul kapan saja hingga 3 minggu setelah penghentian benzodiazepin jangka panjang; dan dapat timbul dalam waktu beberapa jam pada penggunaan benzodiazepin jangka pendek. Hal ini ditunjukkan dengan terjadinya insomnia, ansietas, hilangnya nafsu makan dan turunnya berat badan, tremor, berkeringat, tinnitus, dan gangguan persepsi. Gejala-gejala ini mungkin sama dengan gejala umum penyakitnya sehingga penggunaan obat tetap dilanjutkan, beberapa gejala dapat berlanjut selama beberapa minggu atau beberapa bulan setelah penghentian benzodiazepin.<br></li><li>Kebanyakan ansiolitik (’sedatif’) akan menginduksi tidur jika diberikan malam hari, dan kebanyakan hipnotik akan menenangkan jika diberikan siang hari. Obat jenis ini diresepkan secara luas tetapi menyebabkan ketergantungan (baik fisik maupun psikologis) serta menimbulkan toleransi. Hal ini akan menimbulkan kesulitan dalam penghentian obat setelah pasien mengkonsumsi obat secara teratur selama lebih dari beberapa minggu (lihat pada ketergantungan dan penghentian obat di bawah). Oleh karena itu hipnotik dan ansiolitik hanya boleh diberikan pada pengobatan jangka pendek untuk meringankan kondisi akut setelah penyebab utamanya diketahui.<br></li><li>Benzodiazepin adalah ansiolitik dan hipnotik yang paling umum digunakan; obat jenis ini ini bekerja pada reseptor benzodiazepin yang berhubungan dengan reseptor asam gammaaminobutirat (GABA). Obat terdahulu seperti&nbsp;meprobamat&nbsp;dan&nbsp;barbiturat tidak direkomendasikan lagi, karena lebih banyak menimbulkan efek samping dan interaksi obat dibandingkan dengan benzodiazepin dan lebih berbahaya jika terjadi dosis berlebih.<br></li><li>Efek Paradoksikal&nbsp;meningkat pada keadaan terancam/ ada ancaman dan sifat agresi dilaporkan terjadi pada pasien yang mengkonsumsi benzodiazepin. efeknya bervariasi mulai dari meracau dan rasa gembira sampai sifat agresif dan melakukan tindakan anti sosial. Penyesuaian dosis (meningkat ataupun menurun) biasanya melemahkan impuls. Peningkatan ansietas dan gangguan persepsi merupakan efek paradoksikal lainnya. Meningkatnya rasa bermusuhan dan agresi setelah mengkonsumsi barbiturat dan alkohol biasanya mengindikasikan adanya intoksikasi.<br></li><li>Hipnotik dan ansiolitik dapat mempengaruhi kemampuan pengambilan keputusan dan memperlambat reaksi, sehingga berefek pada kemampuan mengemudi dan mengoperasikan mesin. Obat jenis ini meningkatkan efek alkohol. Lebih lanjut, efek&nbsp;hangover&nbsp;pada dosis malam dapat mempengaruhi kemampuan mengemudi pada hari berikutnya. Lihat juga pada Obat dan Mengemudi pada Pedoman Umum.</li><li>Benzodiazepin diindikasikan untuk terapi jangka pendek ansietas berat (hanya digunakan selama 2 atau 4 minggu), kondisi stres yang sangat mengganggu, kondisi ansietas saja atau yang terkait insomnia atau psikosomatik jangka pendek, penyakit psikotik atau penyakit yang dialami organ tubuh.</li><li>Benzodiazepin tidak cocok untuk terapi jangka pendek ansietas ringan</li><li>Benzodiazepin hanya digunakan untuk terapi insomnia berat, atau kondisi stres yang sangat mengganggu.</li></ul><b>Indikasi:&nbsp;</b><br><ul><li>ansietas (penggunaan jangka pendek), tambahan pada putus obat alkohol akut.</li></ul><b>Peringatan:&nbsp;</b><br> <ul><li>Dapat mengganggu kemampuan mengemudi atau mengoperasikan mesin, hamil, menyusui, bayi, lansia, penyakit hati dan ginjal, penyakit pernapasan, kelemahan otot, riwayat penyalahgunaan obat atau alkohol, kelainan kepribadian yang nyata, kurangi dosis pada lansia dan debil, hindari pemakaian jangka panjang, peringatan khusus untuk injeksi intravena, porfiria.</li></ul><br> <b>Kontraindikasi:&nbsp;</b><br> <ul><li>depresi pernapasan, gangguan hati berat, miastenia gravis, insufisiensi pulmoner akut, kondisi fobia dan obsesi, psikosis kronik, glaukoma sudut sempit akut, serangan asma akut, trimester pertama kehamilan, bayi prematur; tidak boleh digunakan sendirian pada depresi atau ansietas dengan depresi.</li></ul><br> <b>Efek Samping:&nbsp;</b><br><ul><li>mengantuk, kelemahan otot, ataksia, reaksi paradoksikal dalam agresi, gangguan mental, amnesia, ketergantungan, depresi pernapasan, kepala terasa ringan hari berikutnya, bingung. Kadang-kadang terjadi: nyeri kepala, vertigo, hipotensi, perubahan salivasi, gangguan saluran cerna, ruam, gangguan penglihatan, perubahan libido, retensi urin, dilaporkan juga kelainan darah dan sakit kuning, pada injeksi intravena terjadi: nyeri, tromboflebitis dan jarang apneu atau hipotensi.</li></ul><b>Dosis:&nbsp;</b><br> <ul><li>Ansietas: 20-30 mg/hari dalam dosis terbagi atau dosis tunggal sebelum tidur, dinaikkan pada ansietas yang berat (pasien rawat inap) sampai dosis maksimal 60 mg/ hari dalam dosis terbagi. LANSIA atau debil 10-15 mg/hari. ANAK: di atas 3 tahun, tidak lebih dari setengah dosis dewasa.<br></li></ul><b>Informasi lebih lanjut:</b><br><ul><li><a rel=\"nofollow\" target=\"_blank\" href=\"http://pionas.pom.go.id/monografi/klobazam-1\">http://pionas.pom.go.id/monografi/klobazam-1</a></li><li><a rel=\"nofollow\" target=\"_blank\" href=\"http://pionas.pom.go.id/ioni/bab-4-sistem-saraf-pusat/41-hipnosis-dan-ansietas/412-ansietas/benzodiazepin\">http://pionas.pom.go.id/ioni/bab-4-sistem-saraf-pusat/41-hipnosis-dan-ansietas/412-ansietas/benzodia...</a></li><li><a rel=\"nofollow\" target=\"_blank\" href=\"http://pionas.pom.go.id/ioni/bab-4-sistem-saraf-pusat/41-hipnosis-dan-ansietas/412-ansietas\">http://pionas.pom.go.id/ioni/bab-4-sistem-saraf-pusat/41-hipnosis-dan-ansietas/412-ansietas</a></li><li><a rel=\"nofollow\" target=\"_blank\" href=\"http://pionas.pom.go.id/ioni/bab-4-sistem-saraf-pusat/41-hipnosis-dan-ansietas\">http://pionas.pom.go.id/ioni/bab-4-sistem-saraf-pusat/41-hipnosis-dan-ansietas</a></li></ul><br>');
INSERT INTO `catatan_obat` VALUES ('19', '28', '<ul><li>Klordiazeposid termasuk Benzodiazepin yang diindikasikan untuk pengobatan jangka pendek pada ansietas berat tetapi penggunaan jangka panjang sebaiknya dihindari.&nbsp;</li><li>Klordiazepoksid memiliki aksi kerja lambat.</li><li>Klordizepoksid termasuk ansiolitik benzodiazepin, dimana ansiolitik benzodiazepin sendiri&nbsp;efektif dalam meredakan keadaan ansietas. Walaupun ansiolitik benzodiazepin&nbsp;sering diresepkan pada hampir semua orang dengan gejala terkait stres, ketidakbahagiaan (unhappiness), atau penyakit fisik minor (minor physical disease), penggunaannya dalam berbagai kondisi tidak dapat dibenarkan. Pada umumnya, ansiolitik benzodiazepin&nbsp;tidak tepat untuk mengatasi depresi atau psikosis kronik. Penyesuaian psikologis dapat dihambat oleh benzodiazepin. Pada anak, obat ansiolitik hanya digunakan untuk mengatasi ansietas akut (dan insomnia yang terkait) yang disebabkan oleh rasa takut (contoh: sebelum operasi).<br></li><li>Pengobatan ansiolitik sebaiknya dibatasi dengan pemberian dosis terkecil dengan masa pengobatan yang sesingkat mungkin. Ketergantungan pada umumnya terjadi pada pasien dengan riwayat penyalahgunaan alkohol atau penyalahgunaan obat dan pada pasien dengan gangguan kepribadian. Ansiolitik, khususnya benzodiazepin telah dikelompokkan menjadi ‘transquiliser minor’. Istilah ini menyesatkan karena ansiolitik jelas berbeda dengan obat antipsikotik (’transquiliser major’), selain itu manfaatnya juga tidak minor. Antipsikosis, pada dosis rendah, terkadang digunakan pada ansietas berat sebagai pemberi efek sedatifnya tetapi penggunaan jangka panjang sebaiknya dihindari dengan mengingat kemungkinan risiko&nbsp;tardive dyskinesia&nbsp;yang dapat timbul. Beberapa antidepresan disetujui untuk digunakan pada ansietas dan kelainan terkait. Penggunaan antihistamin untuk efek sedatifnya pada ansietas tidak dianjurkan digunakan.</li><li>Hipnotik dan ansiolitik dapat mempengaruhi kemampuan pengambilan keputusan dan memperlambat reaksi, sehingga berefek pada kemampuan mengemudi dan mengoperasikan mesin. Obat jenis ini meningkatkan efek alkohol. Lebih lanjut, efek&nbsp;hangover&nbsp;pada dosis malam dapat mempengaruhi kemampuan mengemudi pada hari berikutnya. Lihat juga pada Obat dan Mengemudi pada Pedoman Umum.</li><li>Pada&nbsp;panic disorder&nbsp;(dengan atau tanpa agoraphobia) yang resisten terhadap pengobatan dengan antidepresan, benzodiazepin dapat digunakan sebagai terapi tambahan jangka pendek pada awal pengobatan dengan antidepresan untuk mencegah memburuknya gejala.</li><li>Penghentian penggunaan benzodiazepin sebaiknya secara bertahap karena penghentian yang tiba-tiba dapat mengakibatkan kebingungan, gangguan psikosis, kejang atau kondisi mirip&nbsp;delirium tremens. Penghentian barbiturat yang tiba-tiba, bahkan dapat mengakibatkan efek yang lebih serius. Sindroma gejala putus obat dapat timbul kapan saja hingga 3 minggu setelah penghentian benzodiazepin jangka panjang; dan dapat timbul dalam waktu beberapa jam pada penggunaan benzodiazepin jangka pendek. Hal ini ditunjukkan dengan terjadinya insomnia, ansietas, hilangnya nafsu makan dan turunnya berat badan, tremor, berkeringat, tinnitus, dan gangguan persepsi. Gejala-gejala ini mungkin sama dengan gejala umum penyakitnya sehingga penggunaan obat tetap dilanjutkan, beberapa gejala dapat berlanjut selama beberapa minggu atau beberapa bulan setelah penghentian benzodiazepin.<br></li><li>Kebanyakan ansiolitik (’sedatif’) akan menginduksi tidur jika diberikan malam hari, dan kebanyakan hipnotik akan menenangkan jika diberikan siang hari. Obat jenis ini diresepkan secara luas tetapi menyebabkan ketergantungan (baik fisik maupun psikologis) serta menimbulkan toleransi. Hal ini akan menimbulkan kesulitan dalam penghentian obat setelah pasien mengkonsumsi obat secara teratur selama lebih dari beberapa minggu (lihat pada ketergantungan dan penghentian obat di bawah). Oleh karena itu hipnotik dan ansiolitik hanya boleh diberikan pada pengobatan jangka pendek untuk meringankan kondisi akut setelah penyebab utamanya diketahui.<br></li><li>Benzodiazepin adalah ansiolitik dan hipnotik yang paling umum digunakan; obat jenis ini ini bekerja pada reseptor benzodiazepin yang berhubungan dengan reseptor asam gammaaminobutirat (GABA). Obat terdahulu seperti&nbsp;meprobamat&nbsp;dan&nbsp;barbiturat tidak direkomendasikan lagi, karena lebih banyak menimbulkan efek samping dan interaksi obat dibandingkan dengan benzodiazepin dan lebih berbahaya jika terjadi dosis berlebih.<br></li><li>Efek Paradoksikal&nbsp;meningkat pada keadaan terancam/ ada ancaman dan sifat agresi dilaporkan terjadi pada pasien yang mengkonsumsi benzodiazepin. efeknya bervariasi mulai dari meracau dan rasa gembira sampai sifat agresif dan melakukan tindakan anti sosial. Penyesuaian dosis (meningkat ataupun menurun) biasanya melemahkan impuls. Peningkatan ansietas dan gangguan persepsi merupakan efek paradoksikal lainnya. Meningkatnya rasa bermusuhan dan agresi setelah mengkonsumsi barbiturat dan alkohol biasanya mengindikasikan adanya intoksikasi.<br></li><li>Hipnotik dan ansiolitik dapat mempengaruhi kemampuan pengambilan keputusan dan memperlambat reaksi, sehingga berefek pada kemampuan mengemudi dan mengoperasikan mesin. Obat jenis ini meningkatkan efek alkohol. Lebih lanjut, efek&nbsp;hangover&nbsp;pada dosis malam dapat mempengaruhi kemampuan mengemudi pada hari berikutnya. Lihat juga pada Obat dan Mengemudi pada Pedoman Umum.</li><li>Benzodiazepin diindikasikan untuk terapi jangka pendek ansietas berat (hanya digunakan selama 2 atau 4 minggu), kondisi stres yang sangat mengganggu, kondisi ansietas saja atau yang terkait insomnia atau psikosomatik jangka pendek, penyakit psikotik atau penyakit yang dialami organ tubuh.</li><li>Benzodiazepin tidak cocok untuk terapi jangka pendek ansietas ringan</li><li>Benzodiazepin hanya digunakan untuk terapi insomnia berat, atau kondisi stres yang sangat mengganggu.</li></ul><b>Indikasi:&nbsp;</b><br><ul><li>ansietas (penggunaan jangka pendek), tambahan pada putus obat alkohol akut.</li></ul><br> <b>Peringatan:&nbsp;</b><br> <ul><li>Dapat mengganggu kemampuan mengemudi atau mengoperasikan mesin, hamil, menyusui, bayi, lansia, penyakit hati dan ginjal, penyakit pernapasan, kelemahan otot, riwayat penyalahgunaan obat atau alkohol, kelainan kepribadian yang nyata, kurangi dosis pada lansia dan debil, hindari pemakaian jangka panjang, peringatan khusus untuk injeksi intravena, porfiria.</li></ul><br><br> <b>Kontraindikasi:&nbsp;</b><br> <ul><li>depresi pernapasan, gangguan hati berat, miastenia gravis, insufisiensi pulmoner akut, kondisi fobia dan obsesi, psikosis kronik, glaukoma sudut sempit akut, serangan asma akut, trimester pertama kehamilan, bayi prematur; tidak boleh digunakan sendirian pada depresi atau ansietas dengan depresi.</li></ul><br><br> <b>Efek Samping:&nbsp;</b><br> <ul><li>mengantuk, kelemahan otot, ataksia, reaksi paradoksikal dalam agresi, gangguan mental, amnesia, ketergantungan, depresi pernapasan, kepala terasa ringan hari berikutnya, bingung. Kadang-kadang terjadi: nyeri kepala, vertigo, hipotensi, perubahan salivasi, gangguan saluran cerna, ruam, gangguan penglihatan, perubahan libido, retensi urin, dilaporkan juga kelainan darah dan sakit kuning, pada injeksi intravena terjadi: nyeri, tromboflebitis dan jarang apneu atau hipotensi.</li></ul><br><br> <b>Dosis:&nbsp;</b><br> <ul><li>ansietas: 10 mg 3 kali sehari dinaikkan bila perlu sampai 60-100 mg/hari dosis terbagi. LANSIA atau debil setengah dosis dewasa. ANAK: tidak dianjurkan.</li></ul><b>List nama dangang:</b><br>Untuk informasi nama produk terkini dapat melihat&nbsp;<a rel=\"nofollow\" target=\"_blank\" href=\"http://cekbpom.pom.go.id/\">cekbpom.pom.go.id</a><br> <ul><li><a rel=\"nofollow\" target=\"_blank\">Librium</a><br></li></ul>Informasi lebih lanjut:<br><ul><li><a rel=\"nofollow\" target=\"_blank\" href=\"http://pionas.pom.go.id/monografi/klordiazepoksid\">http://pionas.pom.go.id/monografi/klordiazepoksid</a></li><li><a rel=\"nofollow\" target=\"_blank\" href=\"http://pionas.pom.go.id/ioni/bab-4-sistem-saraf-pusat/41-hipnosis-dan-ansietas/412-ansietas/benzodiazepin\">http://pionas.pom.go.id/ioni/bab-4-sistem-saraf-pusat/41-hipnosis-dan-ansietas/412-ansietas/benzodia...</a></li><li><a rel=\"nofollow\" target=\"_blank\" href=\"http://pionas.pom.go.id/ioni/bab-4-sistem-saraf-pusat/41-hipnosis-dan-ansietas/412-ansietas\">http://pionas.pom.go.id/ioni/bab-4-sistem-saraf-pusat/41-hipnosis-dan-ansietas/412-ansietas</a></li><li><a rel=\"nofollow\" target=\"_blank\" href=\"http://pionas.pom.go.id/ioni/bab-4-sistem-saraf-pusat/41-hipnosis-dan-ansietas\">http://pionas.pom.go.id/ioni/bab-4-sistem-saraf-pusat/41-hipnosis-dan-ansietas</a></li></ul><br><br>');
INSERT INTO `catatan_obat` VALUES ('20', '29', '<ul><li>Loraepam termasuk Benzodiazepin yang diindikasikan untuk pengobatan jangka pendek pada ansietas berat tetapi penggunaan jangka panjang sebaiknya dihindari.&nbsp;</li><li>Golongan yang memiliki masa kerja yang lebih pendek seperti lorazepam dapat digunakan pada pasien&nbsp;dengan gangguan fungsi hati, tetapi memiliki risiko yang besar terhadap munculnya gejala putus obat.</li><li>Pada&nbsp;panic disorder&nbsp;(dengan atau tanpa agoraphobia) yang resisten terhadap pengobatan dengan antidepresan, benzodiazepin dapat digunakan sebagai terapi tambahan jangka pendek pada awal pengobatan dengan antidepresan untuk mencegah memburuknya gejala.</li><li>Lorazepam sangat jarang digunakan secara intravena untuk mengontrol serangan panik. Cara pemberian ini memang tercepat tetapi bukan tanpa risiko dan hanya boleh digunakan jika alternatif lain telah gagal. Pemberian secara intramuskular tidak memberikan efek yang lebih baik dibandingkan dengan pemberian secara oral.</li></ul><b>Indikasi:&nbsp;</b><br><ul><li>penggunaan jangka pendek pada ansietas atau insomnia, status epileptikus, prabedah.<br></li></ul><b>Peringatan:&nbsp;</b><br><ul><li>Dapat mengganggu kemampuan mengemudi atau mengoperasikan mesin, hamil, menyusui, bayi, lansia, penyakit hati dan ginjal, penyakit pernapasan, kelemahan otot, riwayat penyalahgunaan obat atau alkohol, kelainan kepribadian yang nyata, kurangi dosis pada lansia dan debil, hindari pemakaian jangka panjang, peringatan khusus untuk injeksi intravena, porfiria.</li></ul><b>Kontraindikasi:&nbsp;</b><br> <ul><li>depresi pernapasan, gangguan hati berat, miastenia gravis, insufisiensi pulmoner akut, kondisi fobia dan obsesi, psikosis kronik, glaukoma sudut sempit akut, serangan asma akut, trimester pertama kehamilan, bayi prematur; tidak boleh digunakan sendirian pada depresi atau ansietas dengan depresi.</li></ul><br> <b>Efek Samping:&nbsp;</b><br> <ul><li>mengantuk, kelemahan otot, ataksia, reaksi paradoksikal dalam agresi, gangguan mental, amnesia, ketergantungan, depresi pernapasan, kepala terasa ringan hari berikutnya, bingung. Kadang-kadang terjadi: nyeri kepala, vertigo, hipotensi, perubahan salivasi, gangguan saluran cerna, ruam, gangguan penglihatan, perubahan libido, retensi urin, dilaporkan juga kelainan darah dan sakit kuning, pada injeksi intravena terjadi: nyeri, tromboflebitis dan jarang apneu atau hipotensi.</li></ul><b>Dosis:&nbsp;</b><br><ul><li>oral: ansietas 14 mg/hari dosis terbagi. Lansia atau debil setengah dosis dewasa. Insomnia yang berkaitan dengan ansietas, 12 mg sebelum tidur.ANAK tidak dianjurkan. Injeksi intramuskular atau injeksi intravena lambat (ke dalam vena yang besar); serangan panik akut 25-30 mcg/kg bb, diulangi setiap 6 jam bila perlu. ANAK tidak dianjurkan<br></li></ul><b>List Nama Dagang :</b><br>Untuk informasi nama produk terkini dapat melihat&nbsp;<a rel=\"nofollow\" target=\"_blank\" href=\"http://cekbpom.pom.go.id/\">cekbpom.pom.go.id</a><br><ul><li>Ativan<br></li><li>Merlopam</li><li>Lorazepam</li><li>Lorex</li><li>Renaquil</li><li>Loxipaz</li></ul><b>Informasi lebih lanjut :</b><br><ul><li><a rel=\"nofollow\" target=\"_blank\" href=\"http://pionas.pom.go.id/monografi/lorazepam\">http://pionas.pom.go.id/monografi/lorazepam</a></li><li><a rel=\"nofollow\" target=\"_blank\" href=\"http://pionas.pom.go.id/ioni/bab-4-sistem-saraf-pusat/41-hipnosis-dan-ansietas/412-ansietas/benzodiazepin\">http://pionas.pom.go.id/ioni/bab-4-sistem-saraf-pusat/41-hipnosis-dan-ansietas/412-ansietas/benzodia...</a></li><li><a rel=\"nofollow\" target=\"_blank\" href=\"http://pionas.pom.go.id/ioni/bab-4-sistem-saraf-pusat/41-hipnosis-dan-ansietas/412-ansietas\">http://pionas.pom.go.id/ioni/bab-4-sistem-saraf-pusat/41-hipnosis-dan-ansietas/412-ansietas</a></li><li><a rel=\"nofollow\" target=\"_blank\" href=\"http://pionas.pom.go.id/ioni/bab-4-sistem-saraf-pusat/41-hipnosis-dan-ansietas\">http://pionas.pom.go.id/ioni/bab-4-sistem-saraf-pusat/41-hipnosis-dan-ansietas</a><br></li></ul><br><br>');
INSERT INTO `catatan_obat` VALUES ('21', '30', '<ul><li>Buspiron hodroklorida termasuk Buspiron yang bekerja pada reseptor spesifik&nbsp;serotonin (5HT1A).&nbsp;</li><li>Respon terhadap obat jenis ini dapat memerlukan waktu hingga 2 minggu.&nbsp;</li><li>Obat jenis hodroklorida ini tidak meredakan gejala putus obat benzodiazepin. Sehingga pasien yang mengkonsumsi benzodiazepin, penurunan dosis obatnya tetap sebaiknya dilakukan secara bertahap. Hal ini disarankan dilakukan sebelum memulai menggunakan buspiron.&nbsp;</li><li>Tingkat ketergantungan dan kemungkinan penyalahgunaan buspiron rendah. Tetapi hanya diijinkan untuk penggunaan jangka pendek (dokter spesialis kadang menggunakan untuk jangka waktu beberapa bulan).&nbsp;</li><li>Keamanan dan khasiat pada anak belum diketahui dengan pasti.</li><li>buspiron termauk ansolotik benzodiazepin, dimana ansiolitik benzodiazepin sendiri efektif dalam meredakan keadaan ansietas. Walaupun obat jenis ini sering diresepkan pada hampir semua orang dengan gejala terkait stres, ketidakbahagiaan (unhappiness), atau penyakit fisik minor (minor physical disease), penggunaannya dalam berbagai kondisi tidak dapat dibenarkan. Pada umumnya, obat jenis&nbsp;ini tidak tepat untuk mengatasi depresi atau psikosis kronik. Penyesuaian psikologis dapat dihambat oleh benzodiazepin. Pada anak, obat ansiolitik hanya digunakan untuk mengatasi ansietas akut (dan insomnia yang terkait) yang disebabkan oleh rasa takut (contoh: sebelum operasi).</li><li>Pengobatan ansiolitik sebaiknya dibatasi dengan pemberian dosis terkecil dengan masa pengobatan yang sesingkat mungkin. Ketergantungan pada umumnya terjadi pada pasien dengan riwayat penyalahgunaan alkohol atau penyalahgunaan obat dan pada pasien dengan gangguan kepribadian. Ansiolitik, khususnya benzodiazepin telah dikelompokkan menjadi ‘transquiliser minor’. Istilah ini menyesatkan karena ansiolitik jelas berbeda dengan obat antipsikotik (’transquiliser major’), selain itu manfaatnya juga tidak minor. Antipsikosis, pada dosis rendah, terkadang digunakan pada ansietas berat sebagai pemberi efek sedatifnya tetapi penggunaan jangka panjang sebaiknya dihindari dengan mengingat kemungkinan risiko&nbsp;tardive dyskinesia&nbsp;yang dapat timbul. Beberapa antidepresan disetujui untuk digunakan pada ansietas dan kelainan terkait untuk penggunaan pada ansietas kronik, gangguan ansietas umum, dan&nbsp;panic disorder. Penggunaan antihistamin (contoh hidroksizin) untuk efek sedatifnya pada ansietas tidak dianjurkan digunakan.<br></li><li>Kebanyakan ansiolitik (’sedatif’) akan menginduksi tidur jika diberikan malam hari, dan kebanyakan hipnotik akan menenangkan jika diberikan siang hari. Obat jenis ini diresepkan secara luas tetapi menyebabkan ketergantungan (baik fisik maupun psikologis) serta menimbulkan toleransi. Hal ini akan menimbulkan kesulitan dalam penghentian obat setelah pasien mengkonsumsi obat secara teratur selama lebih dari beberapa minggu (lihat pada ketergantungan dan penghentian obat di bawah). Oleh karena itu hipnotik dan ansiolitik hanya boleh diberikan pada pengobatan jangka pendek untuk meringankan kondisi akut setelah penyebab utamanya diketahui.Benzodiazepin adalah ansiolitik dan hipnotik yang paling umum digunakan; obat jenis ini bekerja pada reseptor benzodiazepin yang berhubungan dengan reseptor asam gammaaminobutirat (GABA). Obat terdahulu seperti&nbsp;meprobamat&nbsp;dan&nbsp;barbiturat&nbsp;tidak direkomendasikan lagi, karena lebih banyak menimbulkan efek samping dan interaksi obat dibandingkan dengan benzodiazepin dan lebih berbahaya jika terjadi dosis berlebih.</li></ul><b>Indikasi:&nbsp;</b><br><ul><li>ansietas (penggunaan jangka pendek).</li></ul><b>Peringatan:&nbsp;</b><br> <ul><li>tidak memperingan gejala putus obat benzodiazepin; riwayat gangguan hati dan ginjal.</li></ul><b>Kontraindikasi:&nbsp;</b><br><ul><li>epilepsi, gangguan fungsi hati dan ginjal yang berat, hamil dan menyusui.</li></ul><b>Efek Samping:&nbsp;</b><br> <ul><li>pusing, sakit kepala, gugup, kepala terasa ringan, eksitasi. Jarang: takikardia, palpitasi, nyeri dada, mengantuk, bingung, mulut kering, fatig dan berkeringat.</li></ul><b>Dosis:&nbsp;</b><br> <ul><li>awal: 5 mg 2-3 kali sehari dinaikkan bila perlu setiap 2-3 hari; dosis lazim 15-30 mg/hari dalam dosis terbagi maksimal 45 mg/hari (LANSIA 30 mg); ANAK tidak dianjurkan.</li></ul><b>List nama dagang:<br></b>Untuk informasi nama produk terkini dapat melihat&nbsp;<a rel=\"nofollow\" target=\"_blank\" href=\"http://cekbpom.pom.go.id/\">cekbpom.pom.go.id</a><blockquote><ul><li><a rel=\"nofollow\" target=\"_blank\">Xiety</a><br></li></ul></blockquote><b>Informasi lebih lanjut:</b><br><ul><li><a rel=\"nofollow\" target=\"_blank\" href=\"http://pionas.pom.go.id/monografi/buspiron-hidroklorida\">http://pionas.pom.go.id/monografi/buspiron-hidroklorida</a></li><li><a rel=\"nofollow\" target=\"_blank\" href=\"http://pionas.pom.go.id/ioni/bab-4-sistem-saraf-pusat/41-hipnosis-dan-ansietas/412-ansietas/buspiron\">http://pionas.pom.go.id/ioni/bab-4-sistem-saraf-pusat/41-hipnosis-dan-ansietas/412-ansietas/buspiron</a></li><li><a rel=\"nofollow\" target=\"_blank\" href=\"http://pionas.pom.go.id/ioni/bab-4-sistem-saraf-pusat/41-hipnosis-dan-ansietas/412-ansietas\">http://pionas.pom.go.id/ioni/bab-4-sistem-saraf-pusat/41-hipnosis-dan-ansietas/412-ansietas</a></li><li><a rel=\"nofollow\" target=\"_blank\" href=\"http://pionas.pom.go.id/ioni/bab-4-sistem-saraf-pusat/41-hipnosis-dan-ansietas\">http://pionas.pom.go.id/ioni/bab-4-sistem-saraf-pusat/41-hipnosis-dan-ansietas</a></li></ul>');
INSERT INTO `catatan_obat` VALUES ('22', '31', '<ul><li>Meprobamat lebih kecil efektivitasnya dibanding benzodiazepin, lebih berbahaya&nbsp;pada kasus overdosis dan menimbulkan ketergantungan. Obat ini tidak direkomendasikan lagi.</li><li>Meprobamat termasuk ansiolitik benzodiazepin, dimana ansolitik benzodiazepin sendiri&nbsp;efektif dalam meredakan keadaan ansietas. Walaupun obat jenis ansolitik benzodiazepin&nbsp;ini sering diresepkan pada hampir semua orang dengan gejala terkait stres, ketidakbahagiaan (unhappiness), atau penyakit fisik minor (minor physical disease), penggunaannya dalam berbagai kondisi tidak dapat dibenarkan. Pada umumnya, obat jenis ini tidak tepat untuk mengatasi depresi atau psikosis kronik. Penyesuaian psikologis dapat dihambat oleh benzodiazepin. Pada anak, obat ansiolitik hanya digunakan untuk mengatasi ansietas akut (dan insomnia yang terkait) yang disebabkan oleh rasa takut (contoh: sebelum operasi).</li><li>Pengobatan ansiolitik sebaiknya dibatasi dengan pemberian dosis terkecil dengan masa pengobatan yang sesingkat mungkin. Ketergantungan pada umumnya terjadi pada pasien dengan riwayat penyalahgunaan alkohol atau penyalahgunaan obat dan pada pasien dengan gangguan kepribadian. Ansiolitik, khususnya benzodiazepin telah dikelompokkan menjadi ‘transquiliser minor’. Istilah ini menyesatkan karena ansiolitik jelas berbeda dengan obat antipsikotik (’transquiliser major’), selain itu manfaatnya juga tidak minor. Antipsikosis, pada dosis rendah, terkadang digunakan pada ansietas berat sebagai pemberi efek sedatifnya tetapi penggunaan jangka panjang sebaiknya dihindari dengan mengingat kemungkinan risiko&nbsp;tardive dyskinesia&nbsp;yang dapat timbul. Beberapa antidepresan (bab 4.3) disetujui untuk digunakan pada ansietas dan kelainan terkait; lihat bab 4.3 untuk penggunaan pada ansietas kronik, gangguan ansietas umum, dan&nbsp;panic disorder. Penggunaan antihistamin (contoh hidroksizin, bab 3.4.1) untuk efek sedatifnya pada ansietas tidak dianjurkan digunakan.<br></li><li>Efek Paradoksikal&nbsp;meningkat pada keadaan terancam/ ada ancaman dan sifat agresi dilaporkan terjadi pada pasien yang mengkonsumsi benzodiazepin. efeknya bervariasi mulai dari meracau dan rasa gembira sampai sifat agresif dan melakukan tindakan anti sosial. Penyesuaian dosis (meningkat ataupun menurun) biasanya melemahkan impuls. Peningkatan ansietas dan gangguan persepsi merupakan efek paradoksikal lainnya. Meningkatnya rasa bermusuhan dan agresi setelah mengkonsumsi barbiturat dan alkohol biasanya mengindikasikan adanya intoksikasi.<br></li><li>Hipnotik dan ansiolitik dapat mempengaruhi kemampuan pengambilan keputusan dan memperlambat reaksi, sehingga berefek pada kemampuan mengemudi dan mengoperasikan mesin. Obat ini meningkatkan efek alkohol. Lebih lanjut, efek&nbsp;hangover&nbsp;pada dosis malam dapat mempengaruhi kemampuan mengemudi pada hari berikutnya. Lihat juga pada Obat dan Mengemudi pada Pedoman Umum.<br></li><li>Meprobamat termasuk benzodiazepin yang&nbsp;diindikasikan untuk terapi jangka pendek ansietas berat (hanya digunakan selama 2 atau 4 minggu), kondisi stres yang sangat mengganggu, kondisi ansietas saja atau yang terkait insomnia atau psikosomatik jangka pendek, penyakit psikotik atau penyakit yang dialami organ tubuh.</li><li>Benzodiazepin tidak cocok untuk terapi jangka pendek ansietas ringan</li><li>Benzodiazepin hanya digunakan untuk terapi insomnia berat, atau kondisi stres yang sangat mengganggu.</li></ul><b>Indikasi:&nbsp;</b><br> <ul><li>penggunaan jangka pendek pada ansietas. Trankuiliser dan terapi suportif pada penyakit psikosomatik.</li></ul><br><br> <b>Peringatan:&nbsp;</b><br> <ul><li>penyakit pernapasan, kelemahan otot, epilepsi (dapat menyebabkan bangkitan), riwayat penyalahgunaan obat atau alkohol, kelainan kepribadian yang jelas, hamil, lansia dan debil, gangguan hati dan ginjal, hindari pemakaian jangka panjang, pemutusan obat mendadak dapat menimbulkan kejang.</li></ul><br> <b>Kontraindikasi:&nbsp;</b><br> <ul><li>insufisiensi pulmoner akut, depresi pernapasan, porfiria, menyusui.</li></ul><br><br> <b>Efek Samping:&nbsp;</b><br> <ul><li>lihat diazepam, akan tetapi insidensinya lebih besar; mengantuk merupakan efek samping yang paling banyak terjadi.</li></ul><br><br> <b>Dosis:&nbsp;</b><br> <ul><li>400 mg, 3-4 kali sehari, LANSIA setengah dosis dewasa atau kurang. ANAK: tidak dianjurkan.<br></li></ul><b>Informasi lebih lanjut:</b><br><ul><li><a rel=\"nofollow\" target=\"_blank\" href=\"http://pionas.pom.go.id/monografi/meprobamat\">http://pionas.pom.go.id/monografi/meprobamat</a></li><li><a rel=\"nofollow\" target=\"_blank\" href=\"http://pionas.pom.go.id/ioni/bab-4-sistem-saraf-pusat/41-hipnosis-dan-ansietas/412-ansietas/meprobamat\">http://pionas.pom.go.id/ioni/bab-4-sistem-saraf-pusat/41-hipnosis-dan-ansietas/412-ansietas/meprobam...</a></li><li><a rel=\"nofollow\" target=\"_blank\" href=\"http://pionas.pom.go.id/ioni/bab-4-sistem-saraf-pusat/41-hipnosis-dan-ansietas/412-ansietas\">http://pionas.pom.go.id/ioni/bab-4-sistem-saraf-pusat/41-hipnosis-dan-ansietas/412-ansietas</a></li><li><a rel=\"nofollow\" target=\"_blank\" href=\"http://pionas.pom.go.id/ioni/bab-4-sistem-saraf-pusat/41-hipnosis-dan-ansietas\">http://pionas.pom.go.id/ioni/bab-4-sistem-saraf-pusat/41-hipnosis-dan-ansietas</a></li></ul><br>');
INSERT INTO `catatan_obat` VALUES ('23', '32', '<ul><li>Barbiturat masa kerja menengah hanya digunakan pada penanganan insomnia yang sulit diobati dan berat dan pada pasien yang sudah menggunakan barbiturat. Penggunaan barbiturat kerja menengah sebaiknya dihindari pada pasien lansia. Barbiturat masa kerja panjang, fenobarbital kadang bermanfaat pada epilepsi tetapi penggunaannya sebagai sedatif tidak dibenarkan. Barbiturat masa kerja singkat, tiopental digunakan sebagai anestesi.</li></ul><b><br>Indikasi:&nbsp;</b><br><ul><li>insomnia yang sulit diobati dan berat pada pasien yang pernah mendapat barbiturat.<br></li></ul><b>Peringatan:&nbsp;</b><br> <ul><li>hindari penggunaan sedapat mungkin; ketergantungan dan toleransi mudah terjadi. Pemutusan obat secara tiba-tiba dapat menimbulkan gejala putus obat serius (sampai menimbulkan kematian). Dosis ulangan dapat menimbulkan kumulasi dan dapat menimbulkan sedasi berlebihan; perhatian juga pada penyakit pernapasan, penyakit ginjal, gangguan hati.</li></ul><br><br> <b>Kontraindikasi:&nbsp;</b><br> <ul><li>insomnia yang disebabkan oleh nyeri, porfiria, hamil, menyusui, hindari pada anak, dewasa muda, lansia, pasien debil, dan juga pasien dengan riwayat penyalahgunaan obat atau alkohol.</li></ul><br><br> <b>Efek Samping:&nbsp;</b><br> <ul><li>Hangover dengan mengantuk, pusing, ataksia, depresi pernapasan, reaksi hipersensitivitas, nyeri kepala, terutama pada lansia; eksitasi paradoksikal dan bingung kadang-kadang terjadi mendahului tidurnya.<br></li></ul><b>Informasi lebih lanjut:</b><br><ul><li><a rel=\"nofollow\" target=\"_blank\" href=\"http://pionas.pom.go.id/monografi/barbiturat\">http://pionas.pom.go.id/monografi/barbiturat</a></li><li><a rel=\"nofollow\" target=\"_blank\" href=\"http://pionas.pom.go.id/ioni/bab-4-sistem-saraf-pusat/41-hipnosis-dan-ansietas/413-barbiturat\">http://pionas.pom.go.id/ioni/bab-4-sistem-saraf-pusat/41-hipnosis-dan-ansietas/413-barbiturat</a></li><li><a rel=\"nofollow\" target=\"_blank\" href=\"http://pionas.pom.go.id/ioni/bab-4-sistem-saraf-pusat/41-hipnosis-dan-ansietas\">http://pionas.pom.go.id/ioni/bab-4-sistem-saraf-pusat/41-hipnosis-dan-ansietas</a></li></ul><br>');
INSERT INTO `catatan_obat` VALUES ('24', '32', '<div><div><b>Indikasi:&nbsp;</b></div><div><ul><li>insomnia yang sulit diobati dan berat pada pasien yang pernah mendapat barbiturat.</li></ul></div></div><div><div><b>Peringatan:&nbsp;</b></div><div><ul><li>hindari penggunaan sedapat mungkin; ketergantungan dan toleransi mudah terjadi. Pemutusan obat secara tiba-tiba dapat menimbulkan gejala putus obat serius (sampai menimbulkan kematian). Dosis ulangan dapat menimbulkan kumulasi dan dapat menimbulkan sedasi berlebihan; perhatian juga pada penyakit pernapasan, penyakit ginjal, gangguan hati.</li></ul></div></div><div><div><b>Kontraindikasi:&nbsp;</b></div><div><ul><li>insomnia yang disebabkan oleh nyeri, porfiria, hamil, menyusui, hindari pada anak, dewasa muda, lansia, pasien debil, dan juga pasien dengan riwayat penyalahgunaan obat atau alkohol.</li></ul></div></div><div><div><b>Efek Samping:&nbsp;</b></div><div><ul><li>Hangover dengan mengantuk, pusing, ataksia, depresi pernapasan, reaksi hipersensitivitas, nyeri kepala, terutama pada lansia; eksitasi paradoksikal dan bingung kadang-kadang terjadi mendahului tidurnya.</li></ul></div></div>');
INSERT INTO `catatan_obat` VALUES ('25', '32', '<div><div><b>Indikasi:&nbsp;</b></div><div><ul><li>insomnia yang sulit diobati dan berat pada pasien yang pernah mendapat barbiturat.</li></ul></div></div><div><div><b>Peringatan:&nbsp;</b></div><div><ul><li>hindari penggunaan sedapat mungkin; ketergantungan dan toleransi mudah terjadi. Pemutusan obat secara tiba-tiba dapat menimbulkan gejala putus obat serius (sampai menimbulkan kematian). Dosis ulangan dapat menimbulkan kumulasi dan dapat menimbulkan sedasi berlebihan; perhatian juga pada penyakit pernapasan, penyakit ginjal, gangguan hati.</li></ul></div></div><div><div><b>Kontraindikasi:&nbsp;</b></div><div><ul><li>insomnia yang disebabkan oleh nyeri, porfiria, hamil, menyusui, hindari pada anak, dewasa muda, lansia, pasien debil, dan juga pasien dengan riwayat penyalahgunaan obat atau alkohol.</li></ul></div></div><div><div><b>Efek Samping:&nbsp;</b></div><div><ul><li>Hangover dengan mengantuk, pusing, ataksia, depresi pernapasan, reaksi hipersensitivitas, nyeri kepala, terutama pada lansia; eksitasi paradoksikal dan bingung kadang-kadang terjadi mendahului tidurnya.</li></ul></div></div>');
INSERT INTO `catatan_obat` VALUES ('26', '33', '<b>Indikasi:&nbsp;</b><br> <ul><li>sedasi awal pada pasien yang mendapat intubasi dan ventilasi secara mekanik selama dirawat di ruang rawat intensif. Harus diberikan melalui infus tidak lebih dari 24 jam.</li></ul><br><br> <b>Peringatan:&nbsp;</b><br> <ul><li>Harus diberikan oleh tenaga kesehatan yang terlatih di ruang rawat intensif. Dilakukan monitor secara terus-menerus. Hati-hati pada kehamilan, menyusui, riwayat penyakit jantung, penyakit hati.</li></ul><br><br> <b>Interaksi:&nbsp;</b><br> <ul><li>Pemberian bersamaan dengan anestesi, sedatif lain, hipnotik dan opioid dapat meningkatkan efek sedatif. Diperlukan penyesuaian dosis.</li></ul><br><br> <b>Efek Samping:&nbsp;</b><br> <ul><li>hipotensi, mual, bradikardi, fibrilasi atrial, hipoksia, anemia, nyeri, efusi pleural, infeksi, leukositosis, oligurian, edema paru, rasa haus.</li></ul><br><br> <b>Dosis:&nbsp;</b><br> <ul><li>Harus diberikan menggunakan alat infus yang terukur. Harus diencerkan dengan larutan natrium klorida 0,9% sebelum diberikan. Dosis individual dan dititrasi sesuai respons klinik. Dosis dewasa. Infus, loading dose, 1 mcg/kg bb selama 10 menit, diikuti dengan infus rumatan, 0,2 - 0,7 mcg/kg bb/jam. Kecepatan pemberian infus disesuaikan dengan respon.&nbsp;Tidak boleh diberikan lebih dari 24&nbsp;jam. Dapat diberikan sebelum, selama dan sesudah proses ekstubasi selama tidak melebihi 24 jam. Dilakukan penyesuaian dosis pada pasien gangguan fungsi ginjal atau hati. Anak, tidak dianjurkan.<br></li></ul><b>Llist nama dagang:</b><br>Untuk informasi nama produk terkini dapat melihat&nbsp;<a rel=\"nofollow\" target=\"_blank\" href=\"http://cekbpom.pom.go.id/\">cekbpom.pom.go.id</a><br><ul><li>Icunes<br></li><li>Precedex<br></li></ul><b>Informasi lebih lanjut:</b><br><ul><li><a rel=\"nofollow\" target=\"_blank\" href=\"http://pionas.pom.go.id/monografi/dexmedetomidin\">http://pionas.pom.go.id/monografi/dexmedetomidin</a></li><li><a rel=\"nofollow\" target=\"_blank\" href=\"http://pionas.pom.go.id/ioni/bab-4-sistem-saraf-pusat/41-hipnosis-dan-ansietas/414-golongan-lain\">http://pionas.pom.go.id/ioni/bab-4-sistem-saraf-pusat/41-hipnosis-dan-ansietas/414-golongan-lain</a></li><li><a rel=\"nofollow\" target=\"_blank\" href=\"http://pionas.pom.go.id/ioni/bab-4-sistem-saraf-pusat/41-hipnosis-dan-ansietas/\">http://pionas.pom.go.id/ioni/bab-4-sistem-saraf-pusat/41-hipnosis-dan-ansietas/</a><br></li></ul><br>');
INSERT INTO `catatan_obat` VALUES ('27', '35', '<b>Indikasi:&nbsp;</b><br><ul><li>pengobatan episode manik pada gangguan bipolar I.<br></li></ul><b><br>Peringatan:&nbsp;</b><br><ul><li>lansia dengan psikosis terkait demensia,&nbsp;neuroleptic malignant syndrome, kejang, pikiran atau tindakan untuk bunuh diri, hipotensi ortostatik,&nbsp;tardive dyskinesia, hiperprolaktinemia, penyakit kardiovaskular atau riwayat perpanjangan interval QT, hiperglikemia dan diabetes melitus, disfagia, gangguan pengaturan suhu badan, demensia dengan&nbsp;Lewy Bodies, hati-hati pada gangguan fungsi hati sedang, hati-hati pada gangguan fungsi ginjal dengan eGFR kurang dari 15 mL/min/1,73 m2, kehamilan, disarankan tidak menyusui ketika meminum obat ini.<br></li></ul><b><br>Interaksi:&nbsp;</b><br><ul><li>hati-hati penggunaan bersama obat lainnya yang bekerja pada SSP, hindari konsumsi alkohol. Dapat meningkatkan efek antihipertensi tertentu, dapat memberikan efek antagonis terhadap levodopa dan memberikan efek agonis terhadap dopamin. Jika kombinasi ini diperlukan, gunakan dosis efektif terendah dari masing-masing obat.<br></li></ul><b>Kontraindikasi:&nbsp;</b><br><ul><li>hipersensitivitas, anak di bawah 18 tahun, gangguan fungsi hati berat.<br></li></ul><b>Efek Samping:&nbsp;</b><br><ul><li>ansietas, mengantuk, peningkatan berat badan, peningkatan nafsu makan, distonia, akatisia, diskinesia, parkinsonisme, sedasi, pusing, disgeusia, peningkatan alanin aminotransferase, kaku otot, kelelahan.<br></li></ul><b>Dosis:&nbsp;</b><br><ul><li>monoterapi, dewasa di atas 18 tahun, dosis awal 10 mg dua kali sehari, dosis dapat dikurangi hingga 5 mg dua kali sehari, sesuai respons klinis; terapi kombinasi, dewasa di atas 18 tahun, dosis awal 5 mg dua kali sehari. Jika diperlukan dosis dapat ditingkatkan hingga 10 mg dua kali sehari, tergantung respons klinis dan toleransi masing-masing pasien. Penggunaan tidak boleh ditelan langsung, namun diletakkan di bawah lidah.</li></ul><b>List Nama Dagang:<br></b><div class=\"view-header\" style=\"text-align: left;\">Untuk informasi nama produk terkini dapat melihat&nbsp;<a rel=\"nofollow\" target=\"_blank\" href=\"http://cekbpom.pom.go.id/\" class=\"ext\">cekbpom.pom.go.id</a><br></div><div class=\"view-content\" style=\"text-align: left;\"><ul><li><a rel=\"nofollow\" target=\"_blank\" href=\"http://pionas.pom.go.id/obat/saphris\">SAPHRIS</a></li></ul><br><b>Informasi lebih lanjut:</b><br><ul><li><a rel=\"nofollow\" target=\"_blank\" href=\"http://pionas.pom.go.id/monografi/asenapin-maleat\">http://pionas.pom.go.id/monografi/asenapin-maleat</a></li><li><a rel=\"nofollow\" target=\"_blank\" href=\"http://pionas.pom.go.id/monografi/asenapin-maleat\"></a><a rel=\"nofollow\" target=\"_blank\" href=\"http://pionas.pom.go.id/ioni/bab-4-sistem-saraf-pusat/42-psikosis-dan-gangguan-sejenis/421-antipsikosis\">http://pionas.pom.go.id/ioni/bab-4-sistem-saraf-pusat/42-psikosis-dan-gangguan-sejenis/421-antipsiko...</a></li><li><a rel=\"nofollow\" target=\"_blank\" href=\"http://pionas.pom.go.id/ioni/bab-4-sistem-saraf-pusat/42-psikosis-dan-gangguan-sejenis/421-antipsikosis\"></a><a rel=\"nofollow\" target=\"_blank\" href=\"http://pionas.pom.go.id/ioni/bab-4-sistem-saraf-pusat/42-psikosis-dan-gangguan-sejenis\">http://pionas.pom.go.id/ioni/bab-4-sistem-saraf-pusat/42-psikosis-dan-gangguan-sejenis</a></li></ul></td></tr></div>');

-- ----------------------------
-- Table structure for gejala_log
-- ----------------------------
DROP TABLE IF EXISTS `gejala_log`;
CREATE TABLE `gejala_log` (
  `id_log_gejala` int(255) NOT NULL AUTO_INCREMENT,
  `id_log` int(11) DEFAULT NULL,
  `id_user` varchar(255) DEFAULT NULL,
  `id_gejala` int(11) DEFAULT NULL,
  `detail_gejala` varchar(255) DEFAULT NULL,
  PRIMARY KEY (`id_log_gejala`),
  KEY `id_gejala_log` (`id_log`),
  KEY `id_gejala_gejala` (`id_gejala`),
  CONSTRAINT `id_gejala_gejala` FOREIGN KEY (`id_gejala`) REFERENCES `master_gejala` (`id_gejala`) ON DELETE CASCADE ON UPDATE CASCADE,
  CONSTRAINT `id_gejala_log` FOREIGN KEY (`id_log`) REFERENCES `log_pengobatan` (`id_log`) ON DELETE CASCADE ON UPDATE CASCADE
) ENGINE=InnoDB AUTO_INCREMENT=5 DEFAULT CHARSET=latin1;

-- ----------------------------
-- Records of gejala_log
-- ----------------------------
INSERT INTO `gejala_log` VALUES ('1', '1', '9', '11', 'ansietas');
INSERT INTO `gejala_log` VALUES ('2', '1', '9', '32', 'bipolar disorders');
INSERT INTO `gejala_log` VALUES ('3', '2', '9', '11', 'ansietas');
INSERT INTO `gejala_log` VALUES ('4', '2', '9', '32', 'bipolar disorders');

-- ----------------------------
-- Table structure for karakteristik_obat
-- ----------------------------
DROP TABLE IF EXISTS `karakteristik_obat`;
CREATE TABLE `karakteristik_obat` (
  `id_karakteristik` int(255) NOT NULL AUTO_INCREMENT,
  `id_obat` int(255) DEFAULT NULL,
  `tipe` varchar(255) DEFAULT NULL,
  `id_tipe_master` varchar(255) DEFAULT NULL COMMENT 'untuk mengurangi inner join ;D',
  `detail_tipe` varchar(255) DEFAULT NULL,
  PRIMARY KEY (`id_karakteristik`),
  KEY `nama_obat` (`id_obat`),
  CONSTRAINT `nama_obat` FOREIGN KEY (`id_obat`) REFERENCES `master_obat` (`id_obat`) ON DELETE CASCADE ON UPDATE CASCADE
) ENGINE=InnoDB AUTO_INCREMENT=330 DEFAULT CHARSET=latin1;

-- ----------------------------
-- Records of karakteristik_obat
-- ----------------------------
INSERT INTO `karakteristik_obat` VALUES ('1', '11', 'indikasi', '1', 'insomnia');
INSERT INTO `karakteristik_obat` VALUES ('2', '11', 'kontraindikasi', '6', 'Anak');
INSERT INTO `karakteristik_obat` VALUES ('3', '11', 'peringatan', '6', 'Anak');
INSERT INTO `karakteristik_obat` VALUES ('4', '12', 'indikasi', '1', 'insomnia');
INSERT INTO `karakteristik_obat` VALUES ('5', '12', 'indikasi', '2', 'gangguan tidur');
INSERT INTO `karakteristik_obat` VALUES ('6', '12', 'peringatan', '25', 'kehamilan');
INSERT INTO `karakteristik_obat` VALUES ('7', '12', 'peringatan', '8', 'menyusui');
INSERT INTO `karakteristik_obat` VALUES ('8', '12', 'peringatan', '9', 'penyakit pernapasan');
INSERT INTO `karakteristik_obat` VALUES ('10', '12', 'peringatan', '60', 'riwayat penyalahgunaan obat');
INSERT INTO `karakteristik_obat` VALUES ('11', '12', 'peringatan', '12', 'kelainan kepribadian yang jelas');
INSERT INTO `karakteristik_obat` VALUES ('12', '12', 'peringatan', '58', 'gangguan fungsi hati');
INSERT INTO `karakteristik_obat` VALUES ('13', '12', 'kontraindikasi', '15', 'depresi pernapasan');
INSERT INTO `karakteristik_obat` VALUES ('14', '12', 'kontraindikasi', '16', 'miastenia gravis');
INSERT INTO `karakteristik_obat` VALUES ('15', '12', 'kontraindikasi', '17', 'kondisi fobi atau obsesi');
INSERT INTO `karakteristik_obat` VALUES ('16', '12', 'kontraindikasi', '18', 'psikosis kronik');
INSERT INTO `karakteristik_obat` VALUES ('17', '12', 'kontraindikasi', '19', 'gangguan fungsi hati berat');
INSERT INTO `karakteristik_obat` VALUES ('18', '12', 'kontraindikasi', '6', 'anak');
INSERT INTO `karakteristik_obat` VALUES ('19', '12', 'peringatan', '6', 'anak');
INSERT INTO `karakteristik_obat` VALUES ('20', '13', 'indikasi', '2', 'gangguan tidur');
INSERT INTO `karakteristik_obat` VALUES ('21', '13', 'peringatan', '20', 'lansia');
INSERT INTO `karakteristik_obat` VALUES ('22', '13', 'peringatan', '59', 'gangguan fungsi jantung');
INSERT INTO `karakteristik_obat` VALUES ('23', '13', 'peringatan', '57', 'gangguan fungsi ginjal');
INSERT INTO `karakteristik_obat` VALUES ('24', '13', 'peringatan', '58', 'gangguan fungsi hati');
INSERT INTO `karakteristik_obat` VALUES ('25', '13', 'peringatan', '24', 'bayi');
INSERT INTO `karakteristik_obat` VALUES ('26', '13', 'peringatan', '25', 'kehamilan');
INSERT INTO `karakteristik_obat` VALUES ('27', '13', 'peringatan', '8', 'menyusui');
INSERT INTO `karakteristik_obat` VALUES ('28', '13', 'kontraindikasi', '16', 'Miastenia gravis');
INSERT INTO `karakteristik_obat` VALUES ('29', '13', 'kontraindikasi', '26', 'hipersensitivitas');
INSERT INTO `karakteristik_obat` VALUES ('30', '14', 'indikasi', '3', 'premedikasi');
INSERT INTO `karakteristik_obat` VALUES ('31', '14', 'indikasi', '4', 'induksi anestesi');
INSERT INTO `karakteristik_obat` VALUES ('32', '14', 'indikasi', '5', 'penunjang anestesi umum');
INSERT INTO `karakteristik_obat` VALUES ('33', '14', 'indikasi', '18', 'sedasi untuk tindakan diagnostik');
INSERT INTO `karakteristik_obat` VALUES ('34', '14', 'kontraindikasi', '27', 'bayi prematur');
INSERT INTO `karakteristik_obat` VALUES ('35', '14', 'kontraindikasi', '16', 'miastenia gravis');
INSERT INTO `karakteristik_obat` VALUES ('36', '14', 'peringatan', '28', 'insomnia');
INSERT INTO `karakteristik_obat` VALUES ('37', '14', 'peringatan', '29', 'depresi berat');
INSERT INTO `karakteristik_obat` VALUES ('38', '14', 'peringatan', '30', 'kerusakan otak organik');
INSERT INTO `karakteristik_obat` VALUES ('39', '14', 'peringatan', '31', 'insufisiensi pernapasan');
INSERT INTO `karakteristik_obat` VALUES ('40', '14', 'peringatan', '32', 'orang dewasa lebih dari 60 tahun');
INSERT INTO `karakteristik_obat` VALUES ('41', '14', 'peringatan', '25', 'kehamilan');
INSERT INTO `karakteristik_obat` VALUES ('42', '14', 'peringatan', '8', 'menyusui');
INSERT INTO `karakteristik_obat` VALUES ('43', '14', 'peringatan', '58', 'gangguan fungsi hati');
INSERT INTO `karakteristik_obat` VALUES ('44', '15', 'indikasi', '1', 'insomnia');
INSERT INTO `karakteristik_obat` VALUES ('45', '15', 'peringatan', '9', 'penyakit pernapasan');
INSERT INTO `karakteristik_obat` VALUES ('46', '15', 'peringatan', '60', 'riwayat penyalahgunaan obat');
INSERT INTO `karakteristik_obat` VALUES ('47', '15', 'peringatan', '35', 'gangguan kepribadian');
INSERT INTO `karakteristik_obat` VALUES ('48', '15', 'peringatan', '25', 'kehamilan');
INSERT INTO `karakteristik_obat` VALUES ('49', '15', 'peringatan', '8', 'menyusui');
INSERT INTO `karakteristik_obat` VALUES ('50', '15', 'kontraindikasi', '36', 'penyakit jantung berat');
INSERT INTO `karakteristik_obat` VALUES ('51', '15', 'kontraindikasi', '58', 'gangguan fungsi hati');
INSERT INTO `karakteristik_obat` VALUES ('52', '15', 'kontraindikasi', '38', 'gastritis');
INSERT INTO `karakteristik_obat` VALUES ('53', '15', 'kontraindikasi', '25', 'kehamilan');
INSERT INTO `karakteristik_obat` VALUES ('54', '15', 'kontraindikasi', '8', 'menyusui');
INSERT INTO `karakteristik_obat` VALUES ('55', '16', 'indikasi', '1', 'insomnia');
INSERT INTO `karakteristik_obat` VALUES ('56', '16', 'kontraindikasi', '26', 'hipersensitivitas');
INSERT INTO `karakteristik_obat` VALUES ('57', '16', 'kontraindikasi', '39', 'penyakit hati berat');
INSERT INTO `karakteristik_obat` VALUES ('59', '16', 'peringatan', '54', 'gangguan fungsi hati sedang');
INSERT INTO `karakteristik_obat` VALUES ('60', '16', 'peringatan', '52', 'gangguan fungsi hati parah');
INSERT INTO `karakteristik_obat` VALUES ('61', '16', 'peringatan', '43', 'pengguna alkohol');
INSERT INTO `karakteristik_obat` VALUES ('62', '16', 'peringatan', '44', 'penderita yang mendapat obat penghambat CYP1A2');
INSERT INTO `karakteristik_obat` VALUES ('63', '16', 'peringatan', '45', 'Severe Sleep Apnea');
INSERT INTO `karakteristik_obat` VALUES ('64', '16', 'peringatan', '46', 'Penyakit Paru Obstruktif Kronis (PPOK)');
INSERT INTO `karakteristik_obat` VALUES ('65', '16', 'peringatan', '25', 'kehamilan');
INSERT INTO `karakteristik_obat` VALUES ('66', '16', 'peringatan', '8', 'menyusui');
INSERT INTO `karakteristik_obat` VALUES ('67', '17', 'indikasi', '1', 'insomnia');
INSERT INTO `karakteristik_obat` VALUES ('69', '17', 'indikasi', '8', 'sering terbangun malam hari');
INSERT INTO `karakteristik_obat` VALUES ('70', '17', 'indikasi', '9', 'bangun terlalu pagi');
INSERT INTO `karakteristik_obat` VALUES ('71', '17', 'peringatan', '57', 'gangguan fungsi ginjal');
INSERT INTO `karakteristik_obat` VALUES ('73', '17', 'peringatan', '49', 'gangguan fungsi paru berat');
INSERT INTO `karakteristik_obat` VALUES ('74', '18', 'indikasi', '1', 'insomnia');
INSERT INTO `karakteristik_obat` VALUES ('75', '18', 'kontraindikasi', '50', 'obstructive sleep apnoea');
INSERT INTO `karakteristik_obat` VALUES ('76', '18', 'kontraindikasi', '62', 'depresi pernapasan akut');
INSERT INTO `karakteristik_obat` VALUES ('77', '18', 'kontraindikasi', '16', 'miastenia gravis');
INSERT INTO `karakteristik_obat` VALUES ('78', '18', 'kontraindikasi', '52', 'gangguan fungsi hati parah');
INSERT INTO `karakteristik_obat` VALUES ('79', '18', 'kontraindikasi', '53', 'sakit psikosis');
INSERT INTO `karakteristik_obat` VALUES ('80', '18', 'kontraindikasi', '25', 'kehamilan');
INSERT INTO `karakteristik_obat` VALUES ('81', '18', 'kontraindikasi', '8', 'menyusui');
INSERT INTO `karakteristik_obat` VALUES ('82', '12', 'peringatan', '57', 'gangguan fungsi ginjal');
INSERT INTO `karakteristik_obat` VALUES ('83', '15', 'kontraindikasi', '57', 'gangguan fungsi ginjal');
INSERT INTO `karakteristik_obat` VALUES ('84', '17', 'peringatan', '58', 'gangguan fungsi hati');
INSERT INTO `karakteristik_obat` VALUES ('85', '19', 'indikasi', '1', 'insomnia');
INSERT INTO `karakteristik_obat` VALUES ('86', '19', 'indikasi', '10', 'hipnotik');
INSERT INTO `karakteristik_obat` VALUES ('87', '20', 'indikasi', '10', 'hipnotik');
INSERT INTO `karakteristik_obat` VALUES ('89', '13', 'indikasi', '10', 'hipnotik');
INSERT INTO `karakteristik_obat` VALUES ('90', '11', 'indikasi', '10', 'hipnotik');
INSERT INTO `karakteristik_obat` VALUES ('91', '15', 'indikasi', '10', 'hipnotik');
INSERT INTO `karakteristik_obat` VALUES ('92', '14', 'indikasi', '10', 'hipnotik');
INSERT INTO `karakteristik_obat` VALUES ('93', '12', 'indikasi', '10', 'hipnotik');
INSERT INTO `karakteristik_obat` VALUES ('94', '16', 'indikasi', '10', 'hipnotik');
INSERT INTO `karakteristik_obat` VALUES ('95', '17', 'indikasi', '10', 'hipnotik');
INSERT INTO `karakteristik_obat` VALUES ('96', '12', 'peringatan', '61', 'riwayat penyalahgunaan alkohol');
INSERT INTO `karakteristik_obat` VALUES ('97', '15', 'peringatan', '61', 'riwayat penyalahgunaan alkohol');
INSERT INTO `karakteristik_obat` VALUES ('98', '18', 'kontraindikasi', '63', 'depresi pernapasan parah');
INSERT INTO `karakteristik_obat` VALUES ('99', '21', 'indikasi', '11', 'ansietas');
INSERT INTO `karakteristik_obat` VALUES ('100', '21', 'indikasi', '12', 'campuran ansietas-depresi');
INSERT INTO `karakteristik_obat` VALUES ('101', '21', 'indikasi', '13', 'gangguan panik');
INSERT INTO `karakteristik_obat` VALUES ('103', '21', 'peringatan', '60', 'riwayat penyalahgunaan obat');
INSERT INTO `karakteristik_obat` VALUES ('104', '21', 'peringatan', '25', 'kehamilan');
INSERT INTO `karakteristik_obat` VALUES ('105', '21', 'peringatan', '8', 'menyusui');
INSERT INTO `karakteristik_obat` VALUES ('106', '21', 'peringatan', '24', 'bayi');
INSERT INTO `karakteristik_obat` VALUES ('107', '21', 'peringatan', '20', 'lansia');
INSERT INTO `karakteristik_obat` VALUES ('108', '21', 'peringatan', '65', 'penyakit hati');
INSERT INTO `karakteristik_obat` VALUES ('109', '21', 'peringatan', '66', 'penyakit ginjal');
INSERT INTO `karakteristik_obat` VALUES ('112', '21', 'peringatan', '61', 'riwayat penyalahgunaan alkohol');
INSERT INTO `karakteristik_obat` VALUES ('113', '21', 'peringatan', '12', 'kelainan kepribadian yang jelas');
INSERT INTO `karakteristik_obat` VALUES ('114', '21', 'peringatan', '67', 'porfiria');
INSERT INTO `karakteristik_obat` VALUES ('115', '11', 'peringatan', '20', 'lansia');
INSERT INTO `karakteristik_obat` VALUES ('116', '12', 'indikasi', '14', 'sakit gigi');
INSERT INTO `karakteristik_obat` VALUES ('117', '13', 'indikasi', '15', 'nyeri setelah operasi');
INSERT INTO `karakteristik_obat` VALUES ('118', '13', 'indikasi', '16', 'trauma');
INSERT INTO `karakteristik_obat` VALUES ('119', '13', 'indikasi', '11', 'ansietas');
INSERT INTO `karakteristik_obat` VALUES ('120', '13', 'indikasi', '17', 'psikosis');
INSERT INTO `karakteristik_obat` VALUES ('121', '14', 'indikasi', '19', 'anestesi lokal');
INSERT INTO `karakteristik_obat` VALUES ('122', '21', 'indikasi', '10', 'hipnotik');
INSERT INTO `karakteristik_obat` VALUES ('123', '18', 'indikasi', '10', 'hipnotik');
INSERT INTO `karakteristik_obat` VALUES ('124', '21', 'kontraindikasi', '15', 'depresi pernapasan');
INSERT INTO `karakteristik_obat` VALUES ('125', '21', 'kontraindikasi', '55', 'gangguan fungsi hati berat');
INSERT INTO `karakteristik_obat` VALUES ('126', '21', 'kontraindikasi', '16', 'miastenia gravis');
INSERT INTO `karakteristik_obat` VALUES ('127', '21', 'kontraindikasi', '68', 'insufisiensi pulmoner akut');
INSERT INTO `karakteristik_obat` VALUES ('128', '21', 'kontraindikasi', '17', 'kondisi fobi atau obsesi');
INSERT INTO `karakteristik_obat` VALUES ('129', '21', 'kontraindikasi', '18', 'psikosis kronik');
INSERT INTO `karakteristik_obat` VALUES ('130', '21', 'kontraindikasi', '69', 'glaukoma sudut sempit akut');
INSERT INTO `karakteristik_obat` VALUES ('131', '21', 'kontraindikasi', '70', 'serangan asma akut');
INSERT INTO `karakteristik_obat` VALUES ('132', '21', 'kontraindikasi', '71', 'trimester pertama kehamilan');
INSERT INTO `karakteristik_obat` VALUES ('133', '21', 'kontraindikasi', '27', 'bayi prematur');
INSERT INTO `karakteristik_obat` VALUES ('134', '22', 'indikasi', '11', 'ansietas');
INSERT INTO `karakteristik_obat` VALUES ('135', '22', 'indikasi', '1', 'insomnia');
INSERT INTO `karakteristik_obat` VALUES ('136', '22', 'indikasi', '20', 'tambahan pada putus alkohol akut');
INSERT INTO `karakteristik_obat` VALUES ('137', '22', 'indikasi', '21', 'status epileptikus');
INSERT INTO `karakteristik_obat` VALUES ('138', '22', 'indikasi', '22', 'kejang demam');
INSERT INTO `karakteristik_obat` VALUES ('139', '22', 'indikasi', '23', 'spasme otot');
INSERT INTO `karakteristik_obat` VALUES ('140', '22', 'peringatan', '25', 'kehamilan');
INSERT INTO `karakteristik_obat` VALUES ('141', '22', 'peringatan', '8', 'menyusui');
INSERT INTO `karakteristik_obat` VALUES ('142', '22', 'peringatan', '24', 'bayi');
INSERT INTO `karakteristik_obat` VALUES ('143', '22', 'peringatan', '20', 'lansia');
INSERT INTO `karakteristik_obat` VALUES ('144', '22', 'peringatan', '65', 'penyakit hati');
INSERT INTO `karakteristik_obat` VALUES ('145', '22', 'peringatan', '66', 'penyakit ginjal');
INSERT INTO `karakteristik_obat` VALUES ('146', '22', 'peringatan', '9', 'penyakit pernapasan');
INSERT INTO `karakteristik_obat` VALUES ('148', '22', 'peringatan', '60', 'riwayat penyalahgunaan obat');
INSERT INTO `karakteristik_obat` VALUES ('149', '22', 'peringatan', '61', 'riwayat penyalahgunaan alkohol');
INSERT INTO `karakteristik_obat` VALUES ('150', '22', 'peringatan', '12', 'kelainan kepribadian yang jelas');
INSERT INTO `karakteristik_obat` VALUES ('151', '22', 'peringatan', '67', 'porfiria');
INSERT INTO `karakteristik_obat` VALUES ('152', '22', 'kontraindikasi', '15', 'depresi pernapasan');
INSERT INTO `karakteristik_obat` VALUES ('153', '22', 'kontraindikasi', '55', 'gangguan fungsi hati berat');
INSERT INTO `karakteristik_obat` VALUES ('154', '22', 'kontraindikasi', '16', 'miastenia gravis');
INSERT INTO `karakteristik_obat` VALUES ('155', '22', 'kontraindikasi', '68', 'insufisiensi pulmoner akut');
INSERT INTO `karakteristik_obat` VALUES ('156', '22', 'kontraindikasi', '17', 'kondisi fobi atau obsesi');
INSERT INTO `karakteristik_obat` VALUES ('157', '22', 'kontraindikasi', '18', 'psikosis kronik');
INSERT INTO `karakteristik_obat` VALUES ('158', '22', 'kontraindikasi', '69', 'glaukoma sudut sempit akut');
INSERT INTO `karakteristik_obat` VALUES ('159', '22', 'kontraindikasi', '70', 'serangan asma akut');
INSERT INTO `karakteristik_obat` VALUES ('160', '22', 'kontraindikasi', '71', 'trimester pertama kehamilan');
INSERT INTO `karakteristik_obat` VALUES ('161', '22', 'kontraindikasi', '27', 'bayi prematur');
INSERT INTO `karakteristik_obat` VALUES ('162', '24', 'indikasi', '11', 'ansietas');
INSERT INTO `karakteristik_obat` VALUES ('163', '26', 'indikasi', '11', 'ansietas');
INSERT INTO `karakteristik_obat` VALUES ('164', '26', 'peringatan', '25', 'kehamilan');
INSERT INTO `karakteristik_obat` VALUES ('165', '26', 'peringatan', '8', 'menyusui');
INSERT INTO `karakteristik_obat` VALUES ('166', '26', 'peringatan', '24', 'bayi');
INSERT INTO `karakteristik_obat` VALUES ('167', '26', 'peringatan', '20', 'lansia');
INSERT INTO `karakteristik_obat` VALUES ('168', '26', 'peringatan', '65', 'penyakit hati');
INSERT INTO `karakteristik_obat` VALUES ('169', '26', 'peringatan', '66', 'penyakit ginjal');
INSERT INTO `karakteristik_obat` VALUES ('170', '26', 'peringatan', '9', 'penyakit pernapasan');
INSERT INTO `karakteristik_obat` VALUES ('172', '26', 'peringatan', '60', 'riwayat penyalahgunaan obat');
INSERT INTO `karakteristik_obat` VALUES ('173', '26', 'peringatan', '61', 'riwayat penyalahgunaan alkohol');
INSERT INTO `karakteristik_obat` VALUES ('174', '26', 'peringatan', '12', 'kelainan kepribadian yang jelas');
INSERT INTO `karakteristik_obat` VALUES ('175', '26', 'kontraindikasi', '15', 'depresi pernapasan');
INSERT INTO `karakteristik_obat` VALUES ('176', '26', 'kontraindikasi', '55', 'gangguan fungsi hati berat');
INSERT INTO `karakteristik_obat` VALUES ('177', '26', 'kontraindikasi', '16', 'miastenia gravis');
INSERT INTO `karakteristik_obat` VALUES ('178', '26', 'kontraindikasi', '68', 'insufisiensi pulmoner akut');
INSERT INTO `karakteristik_obat` VALUES ('179', '26', 'kontraindikasi', '17', 'kondisi fobi atau obsesi');
INSERT INTO `karakteristik_obat` VALUES ('180', '26', 'kontraindikasi', '18', 'psikosis kronik');
INSERT INTO `karakteristik_obat` VALUES ('181', '26', 'kontraindikasi', '69', 'glaukoma sudut sempit akut');
INSERT INTO `karakteristik_obat` VALUES ('182', '26', 'kontraindikasi', '70', 'serangan asma akut');
INSERT INTO `karakteristik_obat` VALUES ('183', '26', 'kontraindikasi', '71', 'trimester pertama kehamilan');
INSERT INTO `karakteristik_obat` VALUES ('184', '26', 'kontraindikasi', '27', 'bayi prematur');
INSERT INTO `karakteristik_obat` VALUES ('185', '26', 'kontraindikasi', '6', 'Anak');
INSERT INTO `karakteristik_obat` VALUES ('186', '27', 'indikasi', '11', 'ansietas');
INSERT INTO `karakteristik_obat` VALUES ('187', '27', 'peringatan', '25', 'kehamilan');
INSERT INTO `karakteristik_obat` VALUES ('188', '27', 'peringatan', '8', 'menyusui');
INSERT INTO `karakteristik_obat` VALUES ('189', '27', 'peringatan', '24', 'bayi');
INSERT INTO `karakteristik_obat` VALUES ('190', '27', 'peringatan', '20', 'lansia');
INSERT INTO `karakteristik_obat` VALUES ('191', '27', 'peringatan', '66', 'penyakit ginjal');
INSERT INTO `karakteristik_obat` VALUES ('192', '27', 'peringatan', '65', 'penyakit hati');
INSERT INTO `karakteristik_obat` VALUES ('193', '27', 'peringatan', '9', 'penyakit pernapasan');
INSERT INTO `karakteristik_obat` VALUES ('195', '27', 'peringatan', '60', 'riwayat penyalahgunaan obat');
INSERT INTO `karakteristik_obat` VALUES ('196', '27', 'peringatan', '61', 'riwayat penyalahgunaan alkohol');
INSERT INTO `karakteristik_obat` VALUES ('197', '27', 'peringatan', '12', 'kelainan kepribadian yang jelas');
INSERT INTO `karakteristik_obat` VALUES ('198', '27', 'peringatan', '67', 'porfiria');
INSERT INTO `karakteristik_obat` VALUES ('199', '26', 'peringatan', '67', 'porfiria');
INSERT INTO `karakteristik_obat` VALUES ('200', '27', 'kontraindikasi', '15', 'depresi pernapasan');
INSERT INTO `karakteristik_obat` VALUES ('201', '27', 'kontraindikasi', '55', 'gangguan fungsi hati berat');
INSERT INTO `karakteristik_obat` VALUES ('202', '27', 'kontraindikasi', '16', 'miastenia gravis');
INSERT INTO `karakteristik_obat` VALUES ('203', '27', 'kontraindikasi', '68', 'insufisiensi pulmoner akut');
INSERT INTO `karakteristik_obat` VALUES ('204', '27', 'kontraindikasi', '17', 'kondisi fobi atau obsesi');
INSERT INTO `karakteristik_obat` VALUES ('205', '27', 'kontraindikasi', '18', 'psikosis kronik');
INSERT INTO `karakteristik_obat` VALUES ('206', '27', 'kontraindikasi', '69', 'glaukoma sudut sempit akut');
INSERT INTO `karakteristik_obat` VALUES ('207', '27', 'kontraindikasi', '70', 'serangan asma akut');
INSERT INTO `karakteristik_obat` VALUES ('208', '27', 'kontraindikasi', '71', 'trimester pertama kehamilan');
INSERT INTO `karakteristik_obat` VALUES ('209', '27', 'kontraindikasi', '27', 'bayi prematur');
INSERT INTO `karakteristik_obat` VALUES ('210', '28', 'indikasi', '1', 'insomnia');
INSERT INTO `karakteristik_obat` VALUES ('211', '28', 'indikasi', '20', 'tambahan pada putus alkohol akut');
INSERT INTO `karakteristik_obat` VALUES ('212', '28', 'peringatan', '25', 'kehamilan');
INSERT INTO `karakteristik_obat` VALUES ('213', '28', 'peringatan', '8', 'menyusui');
INSERT INTO `karakteristik_obat` VALUES ('214', '28', 'peringatan', '24', 'bayi');
INSERT INTO `karakteristik_obat` VALUES ('215', '28', 'peringatan', '20', 'lansia');
INSERT INTO `karakteristik_obat` VALUES ('216', '28', 'peringatan', '65', 'penyakit hati');
INSERT INTO `karakteristik_obat` VALUES ('217', '28', 'peringatan', '66', 'penyakit ginjal');
INSERT INTO `karakteristik_obat` VALUES ('218', '28', 'peringatan', '9', 'penyakit pernapasan');
INSERT INTO `karakteristik_obat` VALUES ('220', '28', 'peringatan', '60', 'riwayat penyalahgunaan obat');
INSERT INTO `karakteristik_obat` VALUES ('221', '28', 'peringatan', '61', 'riwayat penyalahgunaan alkohol');
INSERT INTO `karakteristik_obat` VALUES ('222', '28', 'peringatan', '12', 'kelainan kepribadian yang jelas');
INSERT INTO `karakteristik_obat` VALUES ('223', '28', 'peringatan', '67', 'porfiria');
INSERT INTO `karakteristik_obat` VALUES ('224', '28', 'kontraindikasi', '15', 'depresi pernapasan');
INSERT INTO `karakteristik_obat` VALUES ('225', '28', 'kontraindikasi', '55', 'gangguan fungsi hati berat');
INSERT INTO `karakteristik_obat` VALUES ('226', '28', 'kontraindikasi', '16', 'miastenia gravis');
INSERT INTO `karakteristik_obat` VALUES ('227', '28', 'kontraindikasi', '68', 'insufisiensi pulmoner akut');
INSERT INTO `karakteristik_obat` VALUES ('228', '28', 'kontraindikasi', '17', 'kondisi fobi atau obsesi');
INSERT INTO `karakteristik_obat` VALUES ('229', '28', 'kontraindikasi', '18', 'psikosis kronik');
INSERT INTO `karakteristik_obat` VALUES ('230', '28', 'kontraindikasi', '69', 'glaukoma sudut sempit akut');
INSERT INTO `karakteristik_obat` VALUES ('231', '28', 'kontraindikasi', '70', 'serangan asma akut');
INSERT INTO `karakteristik_obat` VALUES ('232', '28', 'kontraindikasi', '71', 'trimester pertama kehamilan');
INSERT INTO `karakteristik_obat` VALUES ('233', '28', 'kontraindikasi', '27', 'bayi prematur');
INSERT INTO `karakteristik_obat` VALUES ('234', '28', 'kontraindikasi', '6', 'Anak');
INSERT INTO `karakteristik_obat` VALUES ('235', '29', 'indikasi', '11', 'ansietas');
INSERT INTO `karakteristik_obat` VALUES ('236', '29', 'indikasi', '1', 'insomnia');
INSERT INTO `karakteristik_obat` VALUES ('237', '29', 'indikasi', '21', 'status epileptikus');
INSERT INTO `karakteristik_obat` VALUES ('238', '29', 'indikasi', '24', 'prabedah');
INSERT INTO `karakteristik_obat` VALUES ('239', '29', 'peringatan', '25', 'kehamilan');
INSERT INTO `karakteristik_obat` VALUES ('240', '29', 'peringatan', '8', 'menyusui');
INSERT INTO `karakteristik_obat` VALUES ('241', '29', 'peringatan', '24', 'bayi');
INSERT INTO `karakteristik_obat` VALUES ('242', '29', 'peringatan', '20', 'lansia');
INSERT INTO `karakteristik_obat` VALUES ('243', '29', 'peringatan', '65', 'penyakit hati');
INSERT INTO `karakteristik_obat` VALUES ('244', '29', 'peringatan', '66', 'penyakit ginjal');
INSERT INTO `karakteristik_obat` VALUES ('245', '29', 'peringatan', '9', 'penyakit pernapasan');
INSERT INTO `karakteristik_obat` VALUES ('247', '29', 'peringatan', '60', 'riwayat penyalahgunaan obat');
INSERT INTO `karakteristik_obat` VALUES ('248', '29', 'peringatan', '61', 'riwayat penyalahgunaan alkohol');
INSERT INTO `karakteristik_obat` VALUES ('249', '29', 'peringatan', '12', 'kelainan kepribadian yang jelas');
INSERT INTO `karakteristik_obat` VALUES ('250', '29', 'peringatan', '67', 'porfiria');
INSERT INTO `karakteristik_obat` VALUES ('251', '29', 'kontraindikasi', '15', 'depresi pernapasan');
INSERT INTO `karakteristik_obat` VALUES ('252', '29', 'kontraindikasi', '55', 'gangguan fungsi hati berat');
INSERT INTO `karakteristik_obat` VALUES ('253', '29', 'kontraindikasi', '16', 'miastenia gravis');
INSERT INTO `karakteristik_obat` VALUES ('254', '29', 'kontraindikasi', '68', 'insufisiensi pulmoner akut');
INSERT INTO `karakteristik_obat` VALUES ('255', '29', 'kontraindikasi', '17', 'kondisi fobi atau obsesi');
INSERT INTO `karakteristik_obat` VALUES ('256', '29', 'kontraindikasi', '18', 'psikosis kronik');
INSERT INTO `karakteristik_obat` VALUES ('257', '29', 'kontraindikasi', '69', 'glaukoma sudut sempit akut');
INSERT INTO `karakteristik_obat` VALUES ('258', '29', 'kontraindikasi', '70', 'serangan asma akut');
INSERT INTO `karakteristik_obat` VALUES ('259', '29', 'kontraindikasi', '71', 'trimester pertama kehamilan');
INSERT INTO `karakteristik_obat` VALUES ('260', '29', 'kontraindikasi', '27', 'bayi prematur');
INSERT INTO `karakteristik_obat` VALUES ('261', '29', 'kontraindikasi', '6', 'Anak');
INSERT INTO `karakteristik_obat` VALUES ('262', '30', 'indikasi', '11', 'ansietas');
INSERT INTO `karakteristik_obat` VALUES ('265', '30', 'kontraindikasi', '74', 'epilepsi');
INSERT INTO `karakteristik_obat` VALUES ('266', '30', 'kontraindikasi', '55', 'gangguan fungsi hati berat');
INSERT INTO `karakteristik_obat` VALUES ('267', '30', 'kontraindikasi', '75', 'gangguan fungsi ginjal berat');
INSERT INTO `karakteristik_obat` VALUES ('268', '30', 'peringatan', '57', 'gangguan fungsi ginjal');
INSERT INTO `karakteristik_obat` VALUES ('269', '30', 'peringatan', '58', 'gangguan fungsi hati');
INSERT INTO `karakteristik_obat` VALUES ('270', '29', 'peringatan', '6', 'Anak');
INSERT INTO `karakteristik_obat` VALUES ('271', '28', 'peringatan', '6', 'Anak');
INSERT INTO `karakteristik_obat` VALUES ('272', '26', 'peringatan', '6', 'Anak');
INSERT INTO `karakteristik_obat` VALUES ('273', '21', 'kontraindikasi', '6', 'Anak');
INSERT INTO `karakteristik_obat` VALUES ('274', '21', 'peringatan', '6', 'Anak');
INSERT INTO `karakteristik_obat` VALUES ('275', '31', 'indikasi', '11', 'ansietas');
INSERT INTO `karakteristik_obat` VALUES ('276', '31', 'indikasi', '25', 'Trankuiliser');
INSERT INTO `karakteristik_obat` VALUES ('277', '31', 'peringatan', '9', 'penyakit pernapasan');
INSERT INTO `karakteristik_obat` VALUES ('279', '31', 'peringatan', '74', 'epilepsi');
INSERT INTO `karakteristik_obat` VALUES ('280', '31', 'peringatan', '60', 'riwayat penyalahgunaan obat');
INSERT INTO `karakteristik_obat` VALUES ('281', '31', 'peringatan', '61', 'riwayat penyalahgunaan alkohol');
INSERT INTO `karakteristik_obat` VALUES ('282', '31', 'peringatan', '12', 'kelainan kepribadian yang jelas');
INSERT INTO `karakteristik_obat` VALUES ('283', '31', 'peringatan', '25', 'kehamilan');
INSERT INTO `karakteristik_obat` VALUES ('284', '31', 'peringatan', '20', 'lansia');
INSERT INTO `karakteristik_obat` VALUES ('285', '31', 'peringatan', '58', 'gangguan fungsi hati');
INSERT INTO `karakteristik_obat` VALUES ('286', '31', 'peringatan', '57', 'gangguan fungsi ginjal');
INSERT INTO `karakteristik_obat` VALUES ('287', '31', 'kontraindikasi', '68', 'insufisiensi pulmoner akut');
INSERT INTO `karakteristik_obat` VALUES ('288', '31', 'kontraindikasi', '15', 'depresi pernapasan');
INSERT INTO `karakteristik_obat` VALUES ('289', '31', 'kontraindikasi', '67', 'porfiria');
INSERT INTO `karakteristik_obat` VALUES ('290', '31', 'kontraindikasi', '8', 'menyusui');
INSERT INTO `karakteristik_obat` VALUES ('291', '31', 'kontraindikasi', '6', 'Anak');
INSERT INTO `karakteristik_obat` VALUES ('292', '31', 'peringatan', '6', 'Anak');
INSERT INTO `karakteristik_obat` VALUES ('293', '32', 'indikasi', '26', 'insomnia yang sulit diobati dan berat pada pasien yang pernah mendapat barbiturat');
INSERT INTO `karakteristik_obat` VALUES ('294', '32', 'peringatan', '9', 'penyakit pernapasan');
INSERT INTO `karakteristik_obat` VALUES ('295', '32', 'peringatan', '66', 'penyakit ginjal');
INSERT INTO `karakteristik_obat` VALUES ('296', '32', 'peringatan', '58', 'gangguan fungsi hati');
INSERT INTO `karakteristik_obat` VALUES ('297', '32', 'kontraindikasi', '67', 'porfiria');
INSERT INTO `karakteristik_obat` VALUES ('298', '32', 'kontraindikasi', '25', 'kehamilan');
INSERT INTO `karakteristik_obat` VALUES ('299', '32', 'kontraindikasi', '8', 'menyusui');
INSERT INTO `karakteristik_obat` VALUES ('300', '32', 'kontraindikasi', '6', 'Anak');
INSERT INTO `karakteristik_obat` VALUES ('301', '32', 'kontraindikasi', '76', 'dewasa muda');
INSERT INTO `karakteristik_obat` VALUES ('302', '32', 'kontraindikasi', '20', 'lansia');
INSERT INTO `karakteristik_obat` VALUES ('303', '32', 'kontraindikasi', '77', 'debil');
INSERT INTO `karakteristik_obat` VALUES ('304', '32', 'kontraindikasi', '60', 'riwayat penyalahgunaan obat');
INSERT INTO `karakteristik_obat` VALUES ('305', '32', 'kontraindikasi', '61', 'riwayat penyalahgunaan alkohol');
INSERT INTO `karakteristik_obat` VALUES ('307', '35', 'indikasi', '28', 'pengobatan episode manik pada gangguan bipolar I');
INSERT INTO `karakteristik_obat` VALUES ('308', '35', 'peringatan', '78', 'lansia dengan psikosis terkait demensia');
INSERT INTO `karakteristik_obat` VALUES ('310', '35', 'kontraindikasi', '80', 'anak di bawah 18 tahun');
INSERT INTO `karakteristik_obat` VALUES ('311', '35', 'kontraindikasi', '55', 'gangguan fungsi hati berat');
INSERT INTO `karakteristik_obat` VALUES ('312', '35', 'peringatan', '81', 'gangguan fungsi ginjal dengan eGFR kurang dari 15 mL/min/1,73 m2');
INSERT INTO `karakteristik_obat` VALUES ('313', '35', 'peringatan', '82', 'penyakit kardiovaskular');
INSERT INTO `karakteristik_obat` VALUES ('314', '35', 'indikasi', '17', 'psikosis');
INSERT INTO `karakteristik_obat` VALUES ('315', '35', 'indikasi', '29', 'schizophrenia');
INSERT INTO `karakteristik_obat` VALUES ('316', '35', 'indikasi', '30', 'schizoaffective disorders');
INSERT INTO `karakteristik_obat` VALUES ('317', '35', 'indikasi', '31', 'manic disorders');
INSERT INTO `karakteristik_obat` VALUES ('318', '35', 'indikasi', '32', 'bipolar disorders');
INSERT INTO `karakteristik_obat` VALUES ('319', '35', 'peringatan', '25', 'kehamilan');
INSERT INTO `karakteristik_obat` VALUES ('320', '35', 'peringatan', '8', 'menyusui');
INSERT INTO `karakteristik_obat` VALUES ('321', '35', 'peringatan', '54', 'gangguan fungsi hati sedang');
INSERT INTO `karakteristik_obat` VALUES ('322', '12', 'peringatan', '10', 'kelemahan otot');
INSERT INTO `karakteristik_obat` VALUES ('323', '21', 'peringatan', '10', 'kelemahan otot');
INSERT INTO `karakteristik_obat` VALUES ('324', '22', 'peringatan', '10', 'kelemahan otot');
INSERT INTO `karakteristik_obat` VALUES ('325', '26', 'peringatan', '10', 'kelemahan otot');
INSERT INTO `karakteristik_obat` VALUES ('326', '27', 'peringatan', '10', 'kelemahan otot');
INSERT INTO `karakteristik_obat` VALUES ('327', '29', 'peringatan', '10', 'kelemahan otot');
INSERT INTO `karakteristik_obat` VALUES ('328', '31', 'peringatan', '10', 'kelemahan otot');
INSERT INTO `karakteristik_obat` VALUES ('329', '28', 'peringatan', '10', 'kelemahan otot');

-- ----------------------------
-- Table structure for kondisi
-- ----------------------------
DROP TABLE IF EXISTS `kondisi`;
CREATE TABLE `kondisi` (
  `id_kondisi` int(255) NOT NULL AUTO_INCREMENT,
  `id_user` int(255) DEFAULT NULL,
  `id_master_kondisi` int(11) DEFAULT NULL,
  `detail_kondisi` varchar(255) DEFAULT NULL,
  `tanggal_ditambahkan` date DEFAULT NULL,
  `status` varchar(255) DEFAULT NULL,
  PRIMARY KEY (`id_kondisi`),
  KEY `id_user_kondisi` (`id_user`),
  KEY `id_master_kondisi` (`id_master_kondisi`),
  KEY `detail_kondisi` (`detail_kondisi`),
  CONSTRAINT `detail_kondisi` FOREIGN KEY (`detail_kondisi`) REFERENCES `master_kondisi` (`detail_kondisi`) ON DELETE NO ACTION ON UPDATE NO ACTION,
  CONSTRAINT `id_master_kondisi` FOREIGN KEY (`id_master_kondisi`) REFERENCES `master_kondisi` (`id_master_kondisi`) ON DELETE NO ACTION ON UPDATE NO ACTION,
  CONSTRAINT `id_user_kondisi` FOREIGN KEY (`id_user`) REFERENCES `user` (`id_user`) ON DELETE CASCADE ON UPDATE CASCADE
) ENGINE=InnoDB AUTO_INCREMENT=271 DEFAULT CHARSET=latin1;

-- ----------------------------
-- Records of kondisi
-- ----------------------------
INSERT INTO `kondisi` VALUES ('241', '9', '60', 'riwayat penyalahgunaan obat', '2018-04-26', '0');
INSERT INTO `kondisi` VALUES ('242', '9', '80', 'anak di bawah 18 tahun', '2018-04-28', '1');
INSERT INTO `kondisi` VALUES ('243', '9', '78', 'lansia dengan psikosis terkait demensia', '2018-05-03', '0');
INSERT INTO `kondisi` VALUES ('244', '9', '74', 'epilepsi', '2018-05-03', '1');
INSERT INTO `kondisi` VALUES ('245', '9', '55', 'gangguan fungsi hati berat', '2018-05-03', '0');
INSERT INTO `kondisi` VALUES ('246', '9', '75', 'gangguan fungsi ginjal berat', '2018-05-03', '0');
INSERT INTO `kondisi` VALUES ('247', '9', '57', 'gangguan fungsi ginjal', '2018-05-03', '0');
INSERT INTO `kondisi` VALUES ('248', '9', '58', 'gangguan fungsi hati', '2018-05-03', '0');
INSERT INTO `kondisi` VALUES ('249', '9', '81', 'gangguan fungsi ginjal dengan eGFR kurang dari 15 mL/min/1,73 m2', '2018-05-03', '1');
INSERT INTO `kondisi` VALUES ('250', '9', '25', 'kehamilan', '2018-05-03', '0');
INSERT INTO `kondisi` VALUES ('251', '9', '8', 'menyusui', '2018-05-03', '0');
INSERT INTO `kondisi` VALUES ('252', '9', '24', 'bayi', '2018-05-03', '0');
INSERT INTO `kondisi` VALUES ('253', '9', '20', 'lansia', '2018-05-03', '0');
INSERT INTO `kondisi` VALUES ('256', '9', '61', 'riwayat penyalahgunaan alkohol', '2018-05-03', '0');
INSERT INTO `kondisi` VALUES ('257', '9', '12', 'kelainan kepribadian yang jelas', '2018-05-03', '0');
INSERT INTO `kondisi` VALUES ('258', '9', '67', 'porfiria', '2018-05-03', '0');
INSERT INTO `kondisi` VALUES ('259', '9', '15', 'depresi pernapasan', '2018-05-03', '0');
INSERT INTO `kondisi` VALUES ('260', '9', '16', 'miastenia gravis', '2018-05-03', '0');
INSERT INTO `kondisi` VALUES ('261', '9', '68', 'insufisiensi pulmoner akut', '2018-05-03', '0');
INSERT INTO `kondisi` VALUES ('262', '9', '17', 'kondisi fobi atau obsesi', '2018-05-03', '0');
INSERT INTO `kondisi` VALUES ('263', '9', '18', 'psikosis kronik', '2018-05-03', '0');
INSERT INTO `kondisi` VALUES ('264', '9', '69', 'glaukoma sudut sempit akut', '2018-05-03', '0');
INSERT INTO `kondisi` VALUES ('265', '9', '70', 'serangan asma akut', '2018-05-03', '0');
INSERT INTO `kondisi` VALUES ('266', '9', '71', 'trimester pertama kehamilan', '2018-05-03', '0');
INSERT INTO `kondisi` VALUES ('267', '9', '27', 'bayi prematur', '2018-05-03', '0');
INSERT INTO `kondisi` VALUES ('268', '9', '10', 'kelemahan otot', '2018-05-03', '0');
INSERT INTO `kondisi` VALUES ('269', '9', '59', 'gangguan fungsi jantung', '2018-05-08', '1');
INSERT INTO `kondisi` VALUES ('270', '9', '26', 'hipersensitivitas', '2018-05-08', '1');

-- ----------------------------
-- Table structure for kondisi_log
-- ----------------------------
DROP TABLE IF EXISTS `kondisi_log`;
CREATE TABLE `kondisi_log` (
  `id_kondisi_log` int(255) NOT NULL AUTO_INCREMENT,
  `id_log` int(255) DEFAULT NULL,
  `id_user` int(255) DEFAULT NULL,
  `id_master_kondisi` varchar(255) DEFAULT NULL,
  `detail_kondisi` varchar(255) DEFAULT NULL,
  `status` varchar(255) DEFAULT NULL,
  PRIMARY KEY (`id_kondisi_log`),
  KEY `id_user` (`id_user`),
  KEY `id_log_kondisi` (`id_log`),
  CONSTRAINT `id_log_kondisi` FOREIGN KEY (`id_log`) REFERENCES `log_pengobatan` (`id_log`) ON DELETE CASCADE ON UPDATE CASCADE
) ENGINE=InnoDB AUTO_INCREMENT=31 DEFAULT CHARSET=latin1;

-- ----------------------------
-- Records of kondisi_log
-- ----------------------------
INSERT INTO `kondisi_log` VALUES ('1', '1', '9', '60', 'riwayat penyalahgunaan obat', '0');
INSERT INTO `kondisi_log` VALUES ('2', '1', '9', '80', 'anak di bawah 18 tahun', '1');
INSERT INTO `kondisi_log` VALUES ('3', '2', '9', '60', 'riwayat penyalahgunaan obat', '0');
INSERT INTO `kondisi_log` VALUES ('4', '2', '9', '80', 'anak di bawah 18 tahun', '1');
INSERT INTO `kondisi_log` VALUES ('5', '2', '9', '78', 'lansia dengan psikosis terkait demensia', '0');
INSERT INTO `kondisi_log` VALUES ('6', '2', '9', '55', 'gangguan fungsi hati berat', '0');
INSERT INTO `kondisi_log` VALUES ('7', '2', '9', '75', 'gangguan fungsi ginjal berat', '0');
INSERT INTO `kondisi_log` VALUES ('8', '2', '9', '57', 'gangguan fungsi ginjal', '0');
INSERT INTO `kondisi_log` VALUES ('9', '2', '9', '58', 'gangguan fungsi hati', '0');
INSERT INTO `kondisi_log` VALUES ('10', '2', '9', '74', 'epilepsi', '1');
INSERT INTO `kondisi_log` VALUES ('11', '2', '9', '81', 'gangguan fungsi ginjal dengan eGFR kurang dari 15 mL/min/1,73 m2', '1');
INSERT INTO `kondisi_log` VALUES ('12', '2', '9', '25', 'kehamilan', '0');
INSERT INTO `kondisi_log` VALUES ('13', '2', '9', '8', 'menyusui', '0');
INSERT INTO `kondisi_log` VALUES ('14', '2', '9', '24', 'bayi', '0');
INSERT INTO `kondisi_log` VALUES ('15', '2', '9', '20', 'lansia', '0');
INSERT INTO `kondisi_log` VALUES ('16', '2', '9', '66', 'penyakit ginjal', '0');
INSERT INTO `kondisi_log` VALUES ('17', '2', '9', '65', 'penyakit hati', '0');
INSERT INTO `kondisi_log` VALUES ('18', '2', '9', '61', 'riwayat penyalahgunaan alkohol', '0');
INSERT INTO `kondisi_log` VALUES ('19', '2', '9', '12', 'kelainan kepribadian yang jelas', '0');
INSERT INTO `kondisi_log` VALUES ('20', '2', '9', '67', 'porfiria', '0');
INSERT INTO `kondisi_log` VALUES ('21', '2', '9', '15', 'depresi pernapasan', '0');
INSERT INTO `kondisi_log` VALUES ('22', '2', '9', '16', 'miastenia gravis', '0');
INSERT INTO `kondisi_log` VALUES ('23', '2', '9', '68', 'insufisiensi pulmoner akut', '0');
INSERT INTO `kondisi_log` VALUES ('24', '2', '9', '17', 'kondisi fobi atau obsesi', '0');
INSERT INTO `kondisi_log` VALUES ('25', '2', '9', '18', 'psikosis kronik', '0');
INSERT INTO `kondisi_log` VALUES ('26', '2', '9', '69', 'glaukoma sudut sempit akut', '0');
INSERT INTO `kondisi_log` VALUES ('27', '2', '9', '70', 'serangan asma akut', '0');
INSERT INTO `kondisi_log` VALUES ('28', '2', '9', '71', 'trimester pertama kehamilan', '0');
INSERT INTO `kondisi_log` VALUES ('29', '2', '9', '27', 'bayi prematur', '0');
INSERT INTO `kondisi_log` VALUES ('30', '2', '9', '10', 'kelemahan otot', '0');

-- ----------------------------
-- Table structure for log_pengobatan
-- ----------------------------
DROP TABLE IF EXISTS `log_pengobatan`;
CREATE TABLE `log_pengobatan` (
  `id_log` int(11) NOT NULL AUTO_INCREMENT,
  `id_user` int(11) DEFAULT NULL,
  `tanggal` date DEFAULT NULL,
  PRIMARY KEY (`id_log`),
  KEY `id_user_log` (`id_user`),
  CONSTRAINT `id_user_log` FOREIGN KEY (`id_user`) REFERENCES `user` (`id_user`) ON DELETE CASCADE ON UPDATE CASCADE
) ENGINE=InnoDB AUTO_INCREMENT=3 DEFAULT CHARSET=latin1;

-- ----------------------------
-- Records of log_pengobatan
-- ----------------------------
INSERT INTO `log_pengobatan` VALUES ('1', '9', '2018-04-29');
INSERT INTO `log_pengobatan` VALUES ('2', '9', '2018-05-03');

-- ----------------------------
-- Table structure for master_gejala
-- ----------------------------
DROP TABLE IF EXISTS `master_gejala`;
CREATE TABLE `master_gejala` (
  `id_gejala` int(255) NOT NULL AUTO_INCREMENT,
  `detail_gejala` varchar(255) DEFAULT NULL,
  PRIMARY KEY (`id_gejala`),
  UNIQUE KEY `nama_gejala` (`detail_gejala`) USING BTREE,
  KEY `id_gejala` (`id_gejala`)
) ENGINE=InnoDB AUTO_INCREMENT=33 DEFAULT CHARSET=latin1;

-- ----------------------------
-- Records of master_gejala
-- ----------------------------
INSERT INTO `master_gejala` VALUES ('19', 'anestesi lokal');
INSERT INTO `master_gejala` VALUES ('11', 'ansietas');
INSERT INTO `master_gejala` VALUES ('9', 'bangun terlalu pagi');
INSERT INTO `master_gejala` VALUES ('32', 'bipolar disorders');
INSERT INTO `master_gejala` VALUES ('12', 'campuran ansietas-depresi');
INSERT INTO `master_gejala` VALUES ('13', 'gangguan panik');
INSERT INTO `master_gejala` VALUES ('2', 'gangguan tidur');
INSERT INTO `master_gejala` VALUES ('10', 'hipnotik');
INSERT INTO `master_gejala` VALUES ('4', 'induksi anestesi');
INSERT INTO `master_gejala` VALUES ('1', 'insomnia');
INSERT INTO `master_gejala` VALUES ('26', 'insomnia yang sulit diobati dan berat pada pasien yang pernah mendapat barbiturat');
INSERT INTO `master_gejala` VALUES ('22', 'kejang demam');
INSERT INTO `master_gejala` VALUES ('31', 'manic disorders');
INSERT INTO `master_gejala` VALUES ('15', 'nyeri setelah operasi');
INSERT INTO `master_gejala` VALUES ('28', 'pengobatan episode manik pada gangguan bipolar I');
INSERT INTO `master_gejala` VALUES ('5', 'penunjang anestesi umum');
INSERT INTO `master_gejala` VALUES ('24', 'prabedah');
INSERT INTO `master_gejala` VALUES ('3', 'premedikasi');
INSERT INTO `master_gejala` VALUES ('17', 'psikosis');
INSERT INTO `master_gejala` VALUES ('14', 'sakit gigi');
INSERT INTO `master_gejala` VALUES ('30', 'schizoaffective disorders');
INSERT INTO `master_gejala` VALUES ('29', 'schizophrenia');
INSERT INTO `master_gejala` VALUES ('18', 'sedasi untuk tindakan diagnostik');
INSERT INTO `master_gejala` VALUES ('6', 'sedasi untuk tindakan diagnostik & anestesi lokal');
INSERT INTO `master_gejala` VALUES ('8', 'sering terbangun malam hari');
INSERT INTO `master_gejala` VALUES ('23', 'spasme otot');
INSERT INTO `master_gejala` VALUES ('21', 'status epileptikus');
INSERT INTO `master_gejala` VALUES ('20', 'tambahan pada putus alkohol akut');
INSERT INTO `master_gejala` VALUES ('25', 'Trankuiliser');
INSERT INTO `master_gejala` VALUES ('16', 'trauma');

-- ----------------------------
-- Table structure for master_kondisi
-- ----------------------------
DROP TABLE IF EXISTS `master_kondisi`;
CREATE TABLE `master_kondisi` (
  `id_master_kondisi` int(255) NOT NULL AUTO_INCREMENT,
  `detail_kondisi` varchar(255) NOT NULL,
  PRIMARY KEY (`id_master_kondisi`),
  UNIQUE KEY `detail_kondisi_unik` (`detail_kondisi`) USING BTREE
) ENGINE=InnoDB AUTO_INCREMENT=83 DEFAULT CHARSET=latin1;

-- ----------------------------
-- Records of master_kondisi
-- ----------------------------
INSERT INTO `master_kondisi` VALUES ('6', 'Anak');
INSERT INTO `master_kondisi` VALUES ('80', 'anak di bawah 18 tahun');
INSERT INTO `master_kondisi` VALUES ('48', 'apneu waktu tidur');
INSERT INTO `master_kondisi` VALUES ('24', 'bayi');
INSERT INTO `master_kondisi` VALUES ('27', 'bayi prematur');
INSERT INTO `master_kondisi` VALUES ('77', 'debil');
INSERT INTO `master_kondisi` VALUES ('29', 'depresi berat');
INSERT INTO `master_kondisi` VALUES ('15', 'depresi pernapasan');
INSERT INTO `master_kondisi` VALUES ('62', 'depresi pernapasan akut');
INSERT INTO `master_kondisi` VALUES ('63', 'depresi pernapasan parah');
INSERT INTO `master_kondisi` VALUES ('76', 'dewasa muda');
INSERT INTO `master_kondisi` VALUES ('74', 'epilepsi');
INSERT INTO `master_kondisi` VALUES ('57', 'gangguan fungsi ginjal');
INSERT INTO `master_kondisi` VALUES ('75', 'gangguan fungsi ginjal berat');
INSERT INTO `master_kondisi` VALUES ('81', 'gangguan fungsi ginjal dengan eGFR kurang dari 15 mL/min/1,73 m2');
INSERT INTO `master_kondisi` VALUES ('58', 'gangguan fungsi hati');
INSERT INTO `master_kondisi` VALUES ('55', 'gangguan fungsi hati berat');
INSERT INTO `master_kondisi` VALUES ('52', 'gangguan fungsi hati parah');
INSERT INTO `master_kondisi` VALUES ('54', 'gangguan fungsi hati sedang');
INSERT INTO `master_kondisi` VALUES ('59', 'gangguan fungsi jantung');
INSERT INTO `master_kondisi` VALUES ('49', 'gangguan fungsi paru berat');
INSERT INTO `master_kondisi` VALUES ('35', 'gangguan kepribadian');
INSERT INTO `master_kondisi` VALUES ('38', 'gastritis');
INSERT INTO `master_kondisi` VALUES ('69', 'glaukoma sudut sempit akut');
INSERT INTO `master_kondisi` VALUES ('26', 'hipersensitivitas');
INSERT INTO `master_kondisi` VALUES ('28', 'insomnia');
INSERT INTO `master_kondisi` VALUES ('31', 'insufisiensi pernapasan');
INSERT INTO `master_kondisi` VALUES ('68', 'insufisiensi pulmoner akut');
INSERT INTO `master_kondisi` VALUES ('25', 'kehamilan');
INSERT INTO `master_kondisi` VALUES ('12', 'kelainan kepribadian yang jelas');
INSERT INTO `master_kondisi` VALUES ('10', 'kelemahan otot');
INSERT INTO `master_kondisi` VALUES ('30', 'kerusakan otak organik');
INSERT INTO `master_kondisi` VALUES ('17', 'kondisi fobi atau obsesi');
INSERT INTO `master_kondisi` VALUES ('20', 'lansia');
INSERT INTO `master_kondisi` VALUES ('78', 'lansia dengan psikosis terkait demensia');
INSERT INTO `master_kondisi` VALUES ('8', 'menyusui');
INSERT INTO `master_kondisi` VALUES ('16', 'miastenia gravis');
INSERT INTO `master_kondisi` VALUES ('79', 'neuroleptic malignant syndrome');
INSERT INTO `master_kondisi` VALUES ('50', 'obstructive sleep apnoea');
INSERT INTO `master_kondisi` VALUES ('32', 'orang dewasa lebih dari 60 tahun');
INSERT INTO `master_kondisi` VALUES ('44', 'penderita yang mendapat obat penghambat CYP1A2');
INSERT INTO `master_kondisi` VALUES ('43', 'pengguna alkohol');
INSERT INTO `master_kondisi` VALUES ('66', 'penyakit ginjal');
INSERT INTO `master_kondisi` VALUES ('65', 'penyakit hati');
INSERT INTO `master_kondisi` VALUES ('39', 'penyakit hati berat');
INSERT INTO `master_kondisi` VALUES ('36', 'penyakit jantung berat');
INSERT INTO `master_kondisi` VALUES ('82', 'penyakit kardiovaskular');
INSERT INTO `master_kondisi` VALUES ('46', 'Penyakit Paru Obstruktif Kronis (PPOK)');
INSERT INTO `master_kondisi` VALUES ('9', 'penyakit pernapasan');
INSERT INTO `master_kondisi` VALUES ('67', 'porfiria');
INSERT INTO `master_kondisi` VALUES ('18', 'psikosis kronik');
INSERT INTO `master_kondisi` VALUES ('61', 'riwayat penyalahgunaan alkohol');
INSERT INTO `master_kondisi` VALUES ('60', 'riwayat penyalahgunaan obat');
INSERT INTO `master_kondisi` VALUES ('53', 'sakit psikosis');
INSERT INTO `master_kondisi` VALUES ('70', 'serangan asma akut');
INSERT INTO `master_kondisi` VALUES ('45', 'Severe Sleep Apnea');
INSERT INTO `master_kondisi` VALUES ('71', 'trimester pertama kehamilan');

-- ----------------------------
-- Table structure for master_obat
-- ----------------------------
DROP TABLE IF EXISTS `master_obat`;
CREATE TABLE `master_obat` (
  `id_obat` int(11) NOT NULL AUTO_INCREMENT,
  `nama_obat` varchar(255) DEFAULT NULL,
  PRIMARY KEY (`id_obat`),
  UNIQUE KEY `nama_obat` (`nama_obat`) USING BTREE
) ENGINE=InnoDB AUTO_INCREMENT=37 DEFAULT CHARSET=latin1;

-- ----------------------------
-- Records of master_obat
-- ----------------------------
INSERT INTO `master_obat` VALUES ('36', 'abc');
INSERT INTO `master_obat` VALUES ('20', 'ALKOHOL');
INSERT INTO `master_obat` VALUES ('21', 'ALPRAZOLAM');
INSERT INTO `master_obat` VALUES ('19', 'ANTIHISTAMIN');
INSERT INTO `master_obat` VALUES ('35', 'ASENAPIN MALEAT');
INSERT INTO `master_obat` VALUES ('32', 'BARBITURAT');
INSERT INTO `master_obat` VALUES ('24', 'BROMAZEPAM');
INSERT INTO `master_obat` VALUES ('30', 'BUSPIRON HIDROKLORIDA');
INSERT INTO `master_obat` VALUES ('33', 'DEXMEDETOMIDIN');
INSERT INTO `master_obat` VALUES ('22', 'DIAZEPAM');
INSERT INTO `master_obat` VALUES ('13', 'ESTAZOLAM');
INSERT INTO `master_obat` VALUES ('11', 'FLURAZEPAM');
INSERT INTO `master_obat` VALUES ('26', 'KALIUM KLORAZEPAT');
INSERT INTO `master_obat` VALUES ('27', 'KLOBAZAM');
INSERT INTO `master_obat` VALUES ('15', 'KLORALHIDRAT');
INSERT INTO `master_obat` VALUES ('28', 'KLORDIAZEPOKSID');
INSERT INTO `master_obat` VALUES ('29', 'LORAZEPAM');
INSERT INTO `master_obat` VALUES ('31', 'MEPROBAMAT');
INSERT INTO `master_obat` VALUES ('14', 'MIDAZOLAM');
INSERT INTO `master_obat` VALUES ('12', 'NITRAZEPAM');
INSERT INTO `master_obat` VALUES ('16', 'RAMELTEON');
INSERT INTO `master_obat` VALUES ('17', 'TRIAZOLAM');
INSERT INTO `master_obat` VALUES ('18', 'ZOLPIDEM TARTRAT');

-- ----------------------------
-- Table structure for obat_log
-- ----------------------------
DROP TABLE IF EXISTS `obat_log`;
CREATE TABLE `obat_log` (
  `id_log_obat` int(11) NOT NULL AUTO_INCREMENT,
  `id_log` int(255) DEFAULT NULL,
  `id_obat` int(255) DEFAULT NULL,
  `id_dokter` varchar(255) DEFAULT NULL,
  PRIMARY KEY (`id_log_obat`),
  KEY `id_obat_obat` (`id_obat`),
  KEY `id_obat_log` (`id_log`),
  CONSTRAINT `id_obat_log` FOREIGN KEY (`id_log`) REFERENCES `log_pengobatan` (`id_log`) ON DELETE CASCADE ON UPDATE CASCADE,
  CONSTRAINT `id_obat_obat` FOREIGN KEY (`id_obat`) REFERENCES `master_obat` (`id_obat`) ON DELETE CASCADE ON UPDATE CASCADE
) ENGINE=InnoDB AUTO_INCREMENT=5 DEFAULT CHARSET=latin1;

-- ----------------------------
-- Records of obat_log
-- ----------------------------
INSERT INTO `obat_log` VALUES ('1', '1', '35', '3');
INSERT INTO `obat_log` VALUES ('2', '1', '24', '3');
INSERT INTO `obat_log` VALUES ('3', '2', '27', '3');
INSERT INTO `obat_log` VALUES ('4', '2', '35', '3');

-- ----------------------------
-- Table structure for pesan_log
-- ----------------------------
DROP TABLE IF EXISTS `pesan_log`;
CREATE TABLE `pesan_log` (
  `id_pesan_obat` int(11) NOT NULL AUTO_INCREMENT,
  `id_log` int(11) DEFAULT NULL,
  `pesan` text,
  PRIMARY KEY (`id_pesan_obat`),
  KEY `id_log_pesan` (`id_log`),
  CONSTRAINT `id_log_pesan` FOREIGN KEY (`id_log`) REFERENCES `log_pengobatan` (`id_log`) ON DELETE CASCADE ON UPDATE CASCADE
) ENGINE=InnoDB AUTO_INCREMENT=19 DEFAULT CHARSET=latin1;

-- ----------------------------
-- Records of pesan_log
-- ----------------------------
INSERT INTO `pesan_log` VALUES ('17', '1', 'bagusss');
INSERT INTO `pesan_log` VALUES ('18', '2', 'asdasdasd');

-- ----------------------------
-- Table structure for user
-- ----------------------------
DROP TABLE IF EXISTS `user`;
CREATE TABLE `user` (
  `id_user` int(255) NOT NULL AUTO_INCREMENT,
  `nama_user` varchar(255) DEFAULT NULL,
  `nomor_identitas` varchar(255) DEFAULT NULL,
  `tanggal_lahir` date DEFAULT NULL,
  `alamat` varchar(255) DEFAULT NULL,
  `akses` varchar(255) DEFAULT NULL,
  `no_hp` varchar(255) DEFAULT NULL,
  `password` varchar(255) DEFAULT NULL,
  `link_foto` varchar(255) DEFAULT NULL,
  PRIMARY KEY (`id_user`),
  UNIQUE KEY `nomor_identitas` (`nomor_identitas`) USING BTREE
) ENGINE=InnoDB AUTO_INCREMENT=10 DEFAULT CHARSET=latin1;

-- ----------------------------
-- Records of user
-- ----------------------------
INSERT INTO `user` VALUES ('1', 'ridho', '140535606662', null, null, 'admin', null, 'db052c8066385d54dc1aa02c83ea6cf658a465b5e2f63bfffc5c79ac1dbe8447', 'a');
INSERT INTO `user` VALUES ('3', 'abdula', '140535606663', '2018-04-20', 'jalan mawar 45 malang', 'ppk', '085855858914', 'db052c8066385d54dc1aa02c83ea6cf658a465b5e2f63bfffc5c79ac1dbe8447', 'assets/images/users_photo/40dbd846001087_586632e0df7741.png');
INSERT INTO `user` VALUES ('9', 'pasien1', '140535606669', '1987-04-24', 'jalan mawar 45 malang', 'pasien', '085855858914', 'db052c8066385d54dc1aa02c83ea6cf658a465b5e2f63bfffc5c79ac1dbe8447', 'assets/images/users_photo/13528862_1039283519487891_4638299120502362364_n12.jpg');

-- ----------------------------
-- Table structure for wm_gejala
-- ----------------------------
DROP TABLE IF EXISTS `wm_gejala`;
CREATE TABLE `wm_gejala` (
  `id_wm_gejala` int(255) NOT NULL AUTO_INCREMENT,
  `id_user` int(255) DEFAULT NULL,
  `id_gejala` int(255) DEFAULT NULL,
  `detail_gejala` varchar(255) DEFAULT NULL,
  PRIMARY KEY (`id_wm_gejala`),
  KEY `id_user_wm_g` (`id_user`),
  KEY `id_gejala_wm_g` (`id_gejala`),
  KEY `detail_kondisi_wm_g` (`detail_gejala`),
  CONSTRAINT `detail_kondisi_wm_g` FOREIGN KEY (`detail_gejala`) REFERENCES `master_gejala` (`detail_gejala`) ON DELETE CASCADE ON UPDATE CASCADE,
  CONSTRAINT `id_gejala_wm_g` FOREIGN KEY (`id_gejala`) REFERENCES `master_gejala` (`id_gejala`) ON DELETE CASCADE ON UPDATE CASCADE,
  CONSTRAINT `id_user_wm_g` FOREIGN KEY (`id_user`) REFERENCES `user` (`id_user`) ON DELETE CASCADE ON UPDATE CASCADE
) ENGINE=InnoDB AUTO_INCREMENT=13 DEFAULT CHARSET=latin1;

-- ----------------------------
-- Records of wm_gejala
-- ----------------------------
INSERT INTO `wm_gejala` VALUES ('10', '9', '1', 'insomnia');
INSERT INTO `wm_gejala` VALUES ('11', '9', '22', 'kejang demam');
INSERT INTO `wm_gejala` VALUES ('12', '9', '23', 'spasme otot');

-- ----------------------------
-- Table structure for wm_kondisi
-- ----------------------------
DROP TABLE IF EXISTS `wm_kondisi`;
CREATE TABLE `wm_kondisi` (
  `id_wm_kondisi` int(255) NOT NULL AUTO_INCREMENT,
  `id_user` int(255) DEFAULT NULL,
  `id_master_kondisi` int(255) DEFAULT NULL,
  `detail_kondisi` varchar(255) DEFAULT NULL,
  `status` varchar(255) DEFAULT NULL,
  PRIMARY KEY (`id_wm_kondisi`),
  KEY `id_user_wm_k` (`id_user`),
  KEY `detail_kondisi_wm_k` (`detail_kondisi`),
  KEY `id_kondisi_wm_k` (`id_master_kondisi`),
  CONSTRAINT `detail_kondisi_wm_k` FOREIGN KEY (`detail_kondisi`) REFERENCES `master_kondisi` (`detail_kondisi`) ON DELETE CASCADE ON UPDATE CASCADE,
  CONSTRAINT `id_kondisi_wm_k` FOREIGN KEY (`id_master_kondisi`) REFERENCES `master_kondisi` (`id_master_kondisi`) ON DELETE CASCADE ON UPDATE CASCADE,
  CONSTRAINT `id_user_wm_k` FOREIGN KEY (`id_user`) REFERENCES `user` (`id_user`) ON DELETE CASCADE ON UPDATE CASCADE
) ENGINE=InnoDB AUTO_INCREMENT=29 DEFAULT CHARSET=latin1;

-- ----------------------------
-- Records of wm_kondisi
-- ----------------------------
INSERT INTO `wm_kondisi` VALUES ('1', '9', '60', 'riwayat penyalahgunaan obat', '0');
INSERT INTO `wm_kondisi` VALUES ('2', '9', '78', 'lansia dengan psikosis terkait demensia', '0');
INSERT INTO `wm_kondisi` VALUES ('3', '9', '55', 'gangguan fungsi hati berat', '0');
INSERT INTO `wm_kondisi` VALUES ('4', '9', '75', 'gangguan fungsi ginjal berat', '0');
INSERT INTO `wm_kondisi` VALUES ('5', '9', '57', 'gangguan fungsi ginjal', '0');
INSERT INTO `wm_kondisi` VALUES ('6', '9', '58', 'gangguan fungsi hati', '0');
INSERT INTO `wm_kondisi` VALUES ('7', '9', '25', 'kehamilan', '0');
INSERT INTO `wm_kondisi` VALUES ('8', '9', '8', 'menyusui', '0');
INSERT INTO `wm_kondisi` VALUES ('9', '9', '24', 'bayi', '0');
INSERT INTO `wm_kondisi` VALUES ('10', '9', '20', 'lansia', '0');
INSERT INTO `wm_kondisi` VALUES ('11', '9', '61', 'riwayat penyalahgunaan alkohol', '0');
INSERT INTO `wm_kondisi` VALUES ('12', '9', '12', 'kelainan kepribadian yang jelas', '0');
INSERT INTO `wm_kondisi` VALUES ('13', '9', '67', 'porfiria', '0');
INSERT INTO `wm_kondisi` VALUES ('14', '9', '15', 'depresi pernapasan', '0');
INSERT INTO `wm_kondisi` VALUES ('15', '9', '16', 'miastenia gravis', '0');
INSERT INTO `wm_kondisi` VALUES ('16', '9', '68', 'insufisiensi pulmoner akut', '0');
INSERT INTO `wm_kondisi` VALUES ('17', '9', '17', 'kondisi fobi atau obsesi', '0');
INSERT INTO `wm_kondisi` VALUES ('18', '9', '18', 'psikosis kronik', '0');
INSERT INTO `wm_kondisi` VALUES ('19', '9', '69', 'glaukoma sudut sempit akut', '0');
INSERT INTO `wm_kondisi` VALUES ('20', '9', '70', 'serangan asma akut', '0');
INSERT INTO `wm_kondisi` VALUES ('21', '9', '71', 'trimester pertama kehamilan', '0');
INSERT INTO `wm_kondisi` VALUES ('22', '9', '27', 'bayi prematur', '0');
INSERT INTO `wm_kondisi` VALUES ('23', '9', '10', 'kelemahan otot', '0');
INSERT INTO `wm_kondisi` VALUES ('24', '9', '80', 'anak di bawah 18 tahun', '1');
INSERT INTO `wm_kondisi` VALUES ('25', '9', '74', 'epilepsi', '1');
INSERT INTO `wm_kondisi` VALUES ('26', '9', '81', 'gangguan fungsi ginjal dengan eGFR kurang dari 15 mL/min/1,73 m2', '1');
INSERT INTO `wm_kondisi` VALUES ('27', '9', '59', 'gangguan fungsi jantung', '1');
INSERT INTO `wm_kondisi` VALUES ('28', '9', '26', 'hipersensitivitas', '1');

-- ----------------------------
-- Table structure for wm_obat
-- ----------------------------
DROP TABLE IF EXISTS `wm_obat`;
CREATE TABLE `wm_obat` (
  `id_wm_obat` int(255) NOT NULL AUTO_INCREMENT,
  `id_dokter` int(255) DEFAULT NULL,
  `id_pasien` int(255) DEFAULT NULL,
  `id_obat` int(255) DEFAULT NULL,
  `tanggal` varchar(255) DEFAULT NULL,
  PRIMARY KEY (`id_wm_obat`),
  KEY `id_user_dokter_wm_o` (`id_dokter`),
  KEY `id_user_pasien_wm_o` (`id_pasien`),
  KEY `id_obat_wm_o` (`id_obat`),
  CONSTRAINT `id_obat_wm_o` FOREIGN KEY (`id_obat`) REFERENCES `master_obat` (`id_obat`) ON DELETE CASCADE ON UPDATE CASCADE,
  CONSTRAINT `id_user_dokter_wm_o` FOREIGN KEY (`id_dokter`) REFERENCES `user` (`id_user`) ON DELETE CASCADE ON UPDATE CASCADE,
  CONSTRAINT `id_user_pasien_wm_o` FOREIGN KEY (`id_pasien`) REFERENCES `user` (`id_user`) ON DELETE CASCADE ON UPDATE CASCADE
) ENGINE=InnoDB AUTO_INCREMENT=49 DEFAULT CHARSET=latin1;

-- ----------------------------
-- Records of wm_obat
-- ----------------------------
INSERT INTO `wm_obat` VALUES ('48', '3', '9', '22', '2018-05-12');

-- ----------------------------
-- View structure for mari
-- ----------------------------
DROP VIEW IF EXISTS `mari`;
CREATE ALGORITHM=UNDEFINED DEFINER=`root`@`localhost` SQL SECURITY DEFINER  VIEW `mari` AS SELECT
`user`.id_user
FROM
`user`
INNER JOIN log_pengobatan ON log_pengobatan.id_user = `user`.id_user
INNER JOIN obat_log ON obat_log.id_log = log_pengobatan.id_log
INNER JOIN pesan_log ON pesan_log.id_log = log_pengobatan.id_log
INNER JOIN wm_gejala ON wm_gejala.id_user = `user`.id_user
INNER JOIN wm_kondisi ON wm_kondisi.id_user = `user`.id_user
INNER JOIN wm_obat ON wm_obat.id_dokter = `user`.id_user AND wm_obat.id_pasien = `user`.id_user
INNER JOIN master_obat ON obat_log.id_obat = master_obat.id_obat AND wm_obat.id_obat = master_obat.id_obat
INNER JOIN master_kondisi ON wm_kondisi.detail_kondisi = master_kondisi.detail_kondisi AND wm_kondisi.id_master_kondisi = master_kondisi.id_master_kondisi
INNER JOIN master_gejala ON wm_gejala.detail_gejala = master_gejala.detail_gejala AND wm_gejala.id_gejala = master_gejala.id_gejala
INNER JOIN kondisi_log ON kondisi_log.id_log = log_pengobatan.id_log
INNER JOIN kondisi ON kondisi.detail_kondisi = master_kondisi.detail_kondisi AND kondisi.id_master_kondisi = master_kondisi.id_master_kondisi AND kondisi.id_user = `user`.id_user
INNER JOIN karakteristik_obat ON karakteristik_obat.id_obat = master_obat.id_obat
INNER JOIN gejala_log ON gejala_log.id_gejala = master_gejala.id_gejala AND gejala_log.id_log = log_pengobatan.id_log
INNER JOIN catatan_obat ON catatan_obat.id_obat = master_obat.id_obat ;
